symbol,sector,setup,entry_date,exit_date,entry_price,exit_price,qty,gross_pnl,costs,net_pnl,r_multiple,bars_held,exit_reason,mae_r,mfe_r,regime_at_entry,entry_rank,entry_score,f_ema_fast,f_ema_slow,f_ema_pull,f_ema_slow_slope,f_atr,f_atr_pct,f_adx,f_rsi_fast,f_rsi_14,f_roc_21,f_roc_63,f_roc_126,f_mom,f_hh_52w,f_pct_below_52w,f_donchian_high,f_structure_low,f_vol_avg,f_vol_ratio,f_turnover_med,f_dist_ema_atr,f_rs_index,f_gap,f_close
POWERGRID,Power,pullback,2016-01-07,2016-01-08,174.87246421976897,162.20319700768636,96,-1216.2496523599311,136.70120916437043,-1293.0862634224102,-1.0797841892847848,1,stop_initial,-0.49172555043049854,0.0,risk_on,12,0.4381590272625128,166.502311262857,138.18336542422873,173.60446375230933,0.06506161878953409,8.176529386608754,0.047043582564799055,30.981760373815103,53.77191688066828,51.92870499643823,0.0088267642095059,0.1967482145301045,0.8487962126126207,1.7762852082317848,185.57627820748655,0.06341725203777648,185.57627820748655,166.64667183242403,76790465.1714805,1.102950776615097,13169763325.139801,0.02483655818483598,0.12064966155646006,-0.008291239590384136,173.80754060016986
BAJAJHLDNG,Financials,pullback,2016-01-06,2016-01-11,3532.2349849231286,3206.956945837044,3,-975.8341172582545,94.27980029407877,-1032.3264096824344,-1.0705723926305892,3,stop_initial,-0.9487078500074121,0.2761875156383594,risk_on,12,0.45461338894688297,3167.140856157293,2821.6524198117245,3397.7391121695846,0.04974550749102269,190.05483027700765,0.0537342996592734,51.629542284299724,55.11719442391406,62.110606591426595,0.13477232633333958,0.3419438116150286,0.7560282633884863,1.6613863536780844,3958.495445306103,0.10649462529236453,3958.495445306103,3235.925116192779,2673987.3801023173,1.1910968610026815,9407129857.16442,0.7324088725565697,0.24416504095673752,-0.004327279090940439,3536.936956136698
MOTHERSON,Auto,pullback,2016-01-07,2016-01-14,3679.603567318292,3456.0265046400345,5,-1117.8853133912867,148.2848796787071,-1200.5634552436431,-1.0942821335033697,5,stop_initial,-0.9972517741505288,0.4668574682011786,risk_on,20,0.09780443356939952,3437.313954665829,3124.6691689452628,3663.249106649341,0.04461921315431483,143.34307747530303,0.038665643092766225,39.74011022143842,40.25188785485657,57.30357452421797,0.10253468339816663,0.2596276615719464,0.4310778123453691,1.4865177526474866,3995.345187732823,0.07210853669302253,3995.345187732823,3559.1094004971806,312294.61393749446,0.9343387854453482,1059580543.4289281,0.30693903596523264,0.17953074463705243,0.0026068711403248734,3707.2466926619
DRREDDY,Pharma,pullback,2016-01-06,2016-01-19,4119.5333601311695,3769.2831295111064,3,-1050.7506918601894,106.33018423837474,-1113.0105070742186,-1.0731277468489548,9,stop_initial,-0.9272817816101062,0.5102886099762282,risk_on,18,0.2588139963315949,3688.6068269322263,3212.1673995110145,3985.6617633884766,0.06050503827687859,227.1894277077709,0.055325152607052154,51.21735494834508,47.83343075033272,58.86777742659285,0.17731986389064924,0.31599524964392556,0.6788974235265799,1.5309178303972875,4458.416643739073,0.07894652443076144,4458.416643739073,3915.5639465926383,407343.2916176366,1.2746965614334465,1466048676.3474057,0.5316197284430472,0.22010718295395604,-0.006617304384047729,4106.440145251613
SWIGGY,Consumer,pullback,2016-01-06,2016-01-29,3239.422109529895,3063.185966600661,4,-704.9445717169365,111.6969643278313,-770.4348372717907,-0.6427961880663111,16,stop_trail,-0.862980835674427,0.2632926195091713,risk_on,9,0.7269266291265275,2983.521991132973,2509.511793789986,3182.1577187696603,0.07197156968452068,197.17287472898155,0.06157585064289577,24.594184242841994,53.35727180664306,53.99550634071836,0.0606545721448748,0.3494023201664722,0.8225063079513919,2.13913223752731,3555.4215852668226,0.09937158789844758,3555.4215852668226,3025.974570411732,1473692.9179703556,0.5034291049331954,4744886424.943569,0.10121056432439018,0.2510800962050008,-0.007402380934518504,3202.113696690443
GAIL,Energy,pullback,2016-01-07,2016-01-29,332.2011053708221,315.90595707364594,57,-928.8234529390425,152.68520871815286,-1013.9854117017894,-0.8431277292655436,15,stop_trail_gap,-0.9750036428980141,0.8840119997972631,risk_on,10,0.6064305812512155,313.27795044753185,262.1198293452517,330.24831678051464,0.06925838503294268,13.800609666625352,0.041516829076811146,32.92905187672364,59.411076923570526,53.82090755922133,-0.017734118962380196,0.310151502991842,0.8085041306730067,1.7491317688033352,352.2665861759004,0.056368030899959454,352.2665861759004,315.7207726078085,7395592.533639607,1.0177249118487477,2480322953.3309913,0.15663768724848975,0.22684188753269452,-0.004751921055730413,332.410012361314
DMART,Consumer,pullback,2016-01-12,2016-01-29,4402.1479642447775,4338.602741375416,5,-317.72611434680584,171.88426933340946,-413.49346884295704,-0.35551121898224974,12,stop_trail,-0.5827833195169689,0.6405001111165044,risk_on,13,0.2005606835793978,4184.711877674181,3598.6570384214924,4399.246736251525,0.05949558506577746,151.5618913159885,0.03424354969892397,43.73868381892494,51.95740812450705,56.82631469113278,0.046942736581016886,0.2165726402120629,0.47738622811559983,1.5742281095510717,4647.733582039569,0.047708269009360316,4647.733582039569,4282.703154671545,2279666.045453417,0.9950984172670876,10001320911.07441,0.17650559477704297,0.16627401409064269,0.0005995286866102845,4425.9982580237875
ZYDUSLIFE,Pharma,pullback,2016-01-12,2016-01-29,381.5074151921013,378.7292602621362,31,-86.12280282891714,105.9130848476848,-149.8621506534949,-0.1670109418323145,12,stop_trail,-0.5003708165636359,0.8997089326392015,risk_on,17,0.06865098533028131,355.97509784866685,298.2126164620267,376.397732348771,0.07114799019389584,18.99235031261558,0.04973401818658913,29.516720577908853,65.97369318891799,56.57583365471264,0.030631753664082995,0.24788739371492308,0.6834409955768381,1.293361672923974,413.8901590260751,0.07734346315256291,413.8901590260751,365.0722861486796,12756621.614373839,0.7556732438387223,4237480734.5629396,0.28857557507360637,0.1962940737737815,0.009320120787492892,381.87846076223343
BERGEPAINT,Consumer,pullback,2016-01-18,2016-01-29,4003.1651928087467,3853.7285961316093,3,-448.3097900314124,105.95140742699604,-511.435723821054,-0.5386404145972105,8,stop_trail,-0.7624988883519557,0.3343760740977627,risk_on,17,0.11133916923540288,3886.65415303693,3430.945880052128,3984.6432722393033,0.04294357507723112,178.81952946798484,0.04465888662561375,37.46893626825424,76.0101651631839,51.819312622562265,-0.0232983095203958,0.22353658063270387,0.40639770511597106,1.39790774328719,4355.616915315742,0.08069974539936142,4355.616915315742,3710.9747264286248,781872.9234819461,2.109837400690853,2654641046.9609857,0.10891688962190808,0.16955645919792817,-0.005957971476807988,4004.1197391926094
INDHOTEL,Consumer,pullback,2016-02-02,2016-02-10,431.28211779341143,393.445596427929,29,-1097.2591195989908,107.2089922152511,-1159.8679065424158,-1.070432458124046,6,stop_initial,-0.7362818782359093,0.8708558664315386,neutral,3,1.3636456000620139,395.3200324093638,324.16511174109297,416.8671855065651,0.07844734342569204,24.56460077863635,0.05768455950803415,33.117157060358906,75.26179026784116,56.17059003382561,-0.0323709354340429,0.32343561829103074,0.8069660165933534,1.9981880858267689,463.4370628703229,0.08111879864026117,463.4370628703229,390.9829592134975,5648370.743906718,1.8369515357282504,2248317220.2453136,0.36542094289408433,0.3242677384681343,-0.005461636176524842,425.84360508491113
BERGEPAINT,Consumer,pullback,2016-02-02,2016-02-12,4033.0266661086616,3818.167141817891,3,-644.5785728723113,105.90612498502861,-707.3397690698769,-0.6583681508324503,8,stop_trail_gap,-0.756566205241301,0.25534033890087043,neutral,12,0.1621576261419245,3912.974504142207,3481.927341837321,3973.2571585703054,0.03280067919443175,182.453939598811,0.044938532550075176,23.60945072536063,72.91312901826171,55.693429095715096,-0.02627981938336188,0.17173966442754174,0.42467504964323255,0.9250971913181469,4355.616915315742,0.0678524061557354,4355.616915315742,3725.410935306452,833302.8304625318,1.0033520494894324,2898332229.3592796,0.47584978948411316,0.17247640462374547,-0.00016550646919910594,4060.0778273189467
TORNTPHARM,Pharma,pullback,2016-02-01,2016-02-15,3465.924937110142,3451.0857124038766,4,-59.35689882506085,120.23245208150843,-130.15184504166132,-0.12608177474423063,10,stop_trail,-0.7220187070373956,0.9469127793922111,neutral,2,1.3988283707174873,3312.35769791883,2627.6217249239626,3434.689936549915,0.0829120318469474,169.27744910558837,0.04913536127757788,28.26814021462794,74.36796360136216,51.27876815255569,-0.07166481794375479,0.2422035250651713,0.6906583415190066,2.2690571755671387,3852.8429017099006,0.10582267816192092,3839.69614737351,3252.289173724331,862753.8948570832,0.9717022439265739,2823663392.2842155,0.06164324202090688,0.24342069952687995,-0.013099552551336213,3445.1247473138123
BAJAJFINSV,Financials,pullback,2016-02-03,2016-02-17,4929.970122142173,4614.459296770846,2,-631.021650742654,90.31249607529472,-686.1739181272417,-0.7127671378849741,10,stop_trail,-0.8184650975272022,0.6004314412978714,neutral,4,1.0435247221631454,4580.316403603079,3839.918411293486,4799.488087303319,0.06314062477379778,300.3101350426624,0.0616745432913262,22.178074897713632,64.86773177092935,54.71102235816737,0.029329875773230096,0.3278711167851487,0.5370484692317365,2.0418986209541257,5260.920372540312,0.07444481393567526,5214.003866531992,4415.91549958051,2812113.710850961,0.9135748683891566,12432287419.832043,0.23237326626659674,0.29838572597315394,-0.0004100305310120733,4869.272134276145
ADANIENT,Infrastructure,pullback,2016-02-16,2016-02-24,5387.9173572615855,5351.328692870219,2,-73.17732878273273,98.61703472095526,-133.3680846917535,-0.17570845704999838,6,stop_trail,-0.2990998665629827,0.9359595263745372,neutral,1,2.3070812754994443,5167.059455832345,4266.782960926881,5441.425187108035,0.07148256088967275,248.70501166002003,0.04566310141961551,24.835151560248594,54.41504935799066,52.5498429657243,0.06977206998647967,0.3612009256472575,0.5398712372586991,3.1962541403175426,5818.8821064866725,0.06399197268112444,5818.8821064866725,5216.985877171004,652960.3086463194,0.7960431943146058,3477781812.5134125,0.020486819110116485,0.3121242506166857,0.006500721683606825,5446.520361693693
TORNTPHARM,Pharma,pullback,2016-02-16,2016-03-03,3628.038974699859,3566.9483368241995,3,-183.2719136269784,98.9969693505268,-243.45647330092868,-0.22674764719595508,12,stop_trail,-0.4642445740120182,0.5299677811278928,neutral,3,1.2440780562547875,3393.624048867926,2722.6627510326343,3505.937525771142,0.06886311037042558,179.55075333949645,0.0496443174127886,20.65636100940942,75.34852884201136,57.528826160262845,0.03595374726250489,0.3030414014093177,0.7771572728465783,1.6176035757607485,3852.8429017099006,0.06127931725273805,3710.295000867242,3279.593353766428,819267.6994995488,1.0012396155784813,2852710377.7270107,0.61712797846303,0.2560616071677453,0.00012550410406197976,3616.7433192110598
DMART,Consumer,pullback,2016-02-16,2016-03-04,4466.583177451902,4432.943303811987,4,-134.55949455966038,147.93299843105632,-218.78172716683284,-0.21337546797199183,13,stop_trail,-0.3331404192907661,0.7504628673937913,neutral,8,0.20283391482940477,4319.797245932123,3769.6415830694305,4409.642675859166,0.04053358964203113,167.3204888711718,0.03735951458236196,24.43393832321083,67.93935118652428,55.75649073462076,0.012237429319250204,0.18053957736449822,0.3583690804884154,0.8134586576998795,4773.164159016402,0.06170040436846924,4773.164159016402,4261.5662892529,2405029.9883189187,0.6093024865952684,10367778179.284035,0.41247383924378633,0.1379764582044838,0.0044717600044204,4478.6580002880055
HAVELLS,CapitalGoods,pullback,2016-06-09,2016-06-16,2231.587333430589,2120.2292275939017,5,-556.7905291834359,99.63254645303003,-616.6342335934385,-1.1334065756942813,5,stop_initial,-0.2512261700025616,0.6988391917625951,risk_on,8,0.16557475885994746,2175.750834139231,2137.505696785593,2221.397707240942,0.009918069791276851,70.7573858662738,0.031524528028786206,19.56074812459868,70.20979930962531,56.17277819593235,0.017198461940775456,0.126475989398801,0.1379024287628472,0.34331703464616314,2342.668725292855,0.04189676501578399,2302.5049468687944,2163.1276079289423,994076.4820658885,0.6747297359502973,1850314023.525907,0.326761322163437,0.06688850426008353,-0.00026838721695188195,2244.518484199434
MARICO,FMCG,pullback,2016-07-04,2016-07-08,274.62480337164556,248.06148142823238,41,-1089.0961996799401,98.52289234878782,-1147.4676614206492,-1.0655513634000986,4,stop_initial,-0.8312338368698672,0.33301321231895153,risk_on,11,0.3951166930809799,251.75319768831386,239.15969184128653,267.39424448504235,0.03328779982719832,17.29075716645918,0.06314828101154825,24.117535691808957,66.58563984681027,56.05357138106652,0.04076987760374107,0.6157732026573786,0.030238035846156475,2.0123273019186363,346.45195982985615,0.2096682008527362,294.3217165226164,252.63280622912362,9990327.188367693,1.1466752058915843,2469937532.00064,0.37116687161813083,0.344811354236336,-0.007210419829848491,273.8120007304258
TITAN,Consumer,pullback,2016-05-18,2016-07-13,311.0683923353656,373.8682576796455,28,1758.3962296398374,90.44883776872356,1699.0066676046013,3.2010362447512537,40,stop_trail,-0.2670361856715162,5.524378854821285,risk_on,6,0.5599779005732987,301.2328915983843,275.47400650997423,308.552417720452,0.03004085167289139,12.388769910668389,0.039685389768605354,24.01315765247237,62.53800759351602,55.27733472990135,0.014542982317542918,0.113241209296705,0.1987582048228962,0.379170671158812,329.583338847108,0.052820504260342016,329.583338847108,299.1770931110313,19670388.95074722,0.6583248324225792,5748081265.31168,0.29237470701795926,0.1681181851379403,-0.010159965451769337,312.1745806933966
INFY,IT,pullback,2016-06-30,2016-07-18,2612.4618467486193,2446.1603853992106,6,-997.8087680964527,129.67402707050286,-1071.5870673825982,-1.0513068092530184,12,stop_trail,-0.8593222951185748,0.9070983825912056,risk_on,12,0.27194689365513014,2422.894794551834,2270.482307678041,2548.9564031496434,0.029760755399031558,93.49960943368959,0.03545067456920727,40.14733083208331,78.49271763263674,65.64012296411781,0.06684026463191484,0.3775079680158444,0.03585019498129571,1.401466835267526,2766.57604484136,0.046671270613525495,2654.693766729591,2483.121475914493,1144852.0323515239,1.1628518070071754,2622636653.146896,0.9465282578831845,0.18217816444108514,0.004412801019910928,2637.4564255796718
BEL,Defence,pullback,2016-07-21,2016-07-25,89.13075587035156,83.51630019275659,96,-538.9877450491176,81.5232235673297,-589.9985783296002,-1.114561037191829,2,stop_initial,-0.5730426697760405,0.3526120152497655,risk_on,8,0.8131914531410274,83.43539110345606,70.84730202283569,88.39991547086765,0.06399637400935543,3.604857997875009,0.04043381630850967,48.57374893027257,50.719865425813204,56.06964085672125,0.039079257261014355,0.35259262913781875,0.42396099582472213,2.569374766935949,95.44941223534848,0.06594990369787168,95.44941223534848,86.09909268156194,38078939.22376172,2.088008874707028,2878873557.617347,0.20933341063253066,0.23578772278601368,0.007086358949299321,89.15453269040879
TITAN,Consumer,pullback,2016-07-14,2016-07-29,386.90464457508074,364.08949446228974,24,-547.563602706984,86.58694441408907,-601.0379997074713,-1.1191154616790637,11,stop_initial,-0.9735017035552856,0.4407739854795865,risk_on,13,0.15764553909218643,354.67190397625404,303.4216084578341,378.43640058781267,0.06424023599539375,14.609325801393217,0.037819218078622686,69.31539210935334,56.053097786059155,61.946136510086205,0.13347996662929296,0.24650750260397736,0.37532628742536134,1.385997393437536,415.7884600958493,0.07093693016531022,415.7884600958493,374.47241964111834,16518772.484519014,0.9382952133073935,6089816194.205059,0.5378278681365435,0.07949252112861505,-0.0003253660635724742,386.2937031384882
GRASIM,Cement,pullback,2018-02-08,2018-02-28,306.69222244939766,303.3251604634495,35,-117.84716950818591,98.1736986180685,-177.74295827957502,-0.3441160620104141,14,stop_trail,-0.3577202705113799,1.693741332756749,risk_on,7,0.6199664731681771,291.82956055074044,261.47856563578443,300.49660430798986,0.03607711506175204,9.593423676087454,0.03144528279221835,44.73339268567104,70.6543922869345,59.52790071064513,0.012448355080402207,0.17697992680206065,0.32384905719257606,0.7505167079316843,314.78634949376305,0.030824942338754213,314.78634949376305,294.34511130092125,22671084.01360664,0.5425113808935677,6336084816.544889,0.4780852246766969,0.11460244079211068,0.004431583487529478,305.08307842159087
DIVISLAB,Pharma,pullback,2018-02-22,2018-03-05,64.12128604014617,60.61653651562984,155,-543.2361763000318,91.16343744954264,-598.9581760821192,-1.125971386589998,7,stop_initial,-0.8597559530469485,0.5152907058287101,risk_on,5,0.43394497441664015,59.998580972188805,55.43017578743359,62.47798004328927,0.031842910853048245,2.1984176847984935,0.034182929728499546,37.16343641352372,73.07420722681938,63.090414197422525,0.06740351526298949,0.1924624326976725,0.3030359927549644,0.9379449448982734,65.5301116086926,0.01856844082658171,65.5301116086926,61.26457350771716,12966465.1008124,0.8217461820605347,756570517.6564522,0.8348457066775473,0.11628405226193772,-0.0025786675390623293,64.31331960892729
MUTHOOTFIN,Financials,pullback,2018-01-31,2018-03-12,140.1421502567193,146.6543688445427,58,377.70867809375625,81.66561777148345,325.02811864402173,0.6273845904890439,28,stop_trail_gap,-0.49907168707143074,2.1426454125234193,risk_on,11,0.18797696984891035,134.99023199056776,134.18958276739798,137.88200617009068,0.00626709391478486,5.491280522100772,0.03944517379029377,19.925025198260897,77.63642966986795,54.19906482016839,-0.026298994447300106,0.2490775704934145,0.24099329883156306,0.4635450955712993,176.45584799138777,0.21106050037519752,145.47885264879545,131.10426531012047,44995556.405640244,1.195717288867845,5491352269.505594,0.24238103384960705,0.1615029144543565,0.008736563871998948,139.21298842019567
BRITANNIA,FMCG,pullback,2018-03-07,2018-03-13,1301.6415946806671,1285.7710272835977,7,-111.09397177948586,86.86227092768956,-165.46495928566875,-0.34920896399736995,4,stop_trail,-0.8379011084736012,0.850945752090914,neutral,11,0.012252057543752276,1251.8608803073885,1099.5104023571305,1296.547183451772,0.04472479517031025,44.08640398194547,0.033876621030701444,53.271510154955976,49.97087340683026,53.775814817400104,0.0033017888228425996,0.200708040047624,0.20751130617133606,0.6992119631904662,1355.9722952930929,0.04025960626118241,1355.9722952930929,1264.3234985090153,2073721.584608601,0.7282467346530143,2284314459.5757427,0.1096528792352581,0.10211512138945111,0.009190360644067308,1301.3813845835211
DIVISLAB,Pharma,pullback,2018-04-12,2018-04-19,70.47938194859212,66.51059780946515,134,-531.8170746430136,87.7480522343466,-585.8872818934979,-1.1243078142064542,5,stop_initial,-0.990761097559231,0.04627012434654424,risk_on,6,0.3368397918971941,65.10433074769249,58.50578935675889,68.09971189602204,0.039223470888476664,2.5362677611704276,0.03612344660138187,40.93238972971512,68.32942070699633,66.75598725711396,0.12787927599358673,0.20095991432139115,0.40344514189809577,0.9084354043304227,73.24136123043306,0.041373316113723746,73.24136123043306,67.28544306169124,12361766.856537772,1.0431978881970927,826716633.6418525,0.8324875535422622,0.16466460489103762,-0.0004543238152662221,70.21112323964692
BRITANNIA,FMCG,pullback,2018-04-18,2018-04-30,1372.7116623118675,1302.7194583858088,7,-489.94542748241065,89.04191463627099,-544.7220237250081,-1.137231808941378,8,stop_initial,-0.6387479930770082,0.5400077047990229,risk_on,8,0.253848597692675,1342.8940242079552,1171.8488025986244,1378.423082972452,0.04785171524923859,44.52118849799229,0.032565037663835825,28.99608809357441,57.19204581841443,48.32289738200371,0.026853902885824343,0.17135839704902223,0.25973457196122585,0.9663511749096513,1495.8433446986232,0.08603608138415952,1495.8433446986232,1346.8917115137754,1802026.5292250481,0.7907373669765272,2313730648.1218576,-0.25327800979035714,0.12082958292566626,0.00324957148745586,1367.1468449561792
COALINDIA,Energy,pullback,2018-04-18,2018-05-09,372.6675452993489,370.3820112950839,22,-50.28174809383006,80.69440302754833,-101.73990146252825,-0.2036790075980777,15,stop_trail,-0.8272752143655469,2.128726242134984,risk_on,10,0.1361573708740715,355.9845910743489,338.2245261188617,373.9348545026994,0.0327288198912381,14.838919774266818,0.039812992466408875,32.41270367190059,60.390956653702794,52.38523917146455,0.04037111982135522,0.19675698751531967,0.28642260422307353,0.8205893794197501,421.7909756711195,0.11635020410763874,421.7909756711195,358.8729814965603,17338671.586995363,1.2230991555602675,6307003780.056416,-0.08217208261947151,0.14513255597896713,0.004188383143362007,372.71550956102465
GRASIM,Cement,pullback,2018-05-01,2018-05-09,365.8931168493516,347.1827505275037,28,-523.8902570117416,93.36838412283288,-580.7252758514926,-1.1337620388425225,6,stop_initial,-0.9988436702890254,0.05174572041457272,risk_on,9,0.2584205226104832,340.08280661561196,294.7012257729664,355.10076715079003,0.05080085451751426,11.014071485966166,0.030210355875760663,36.59670579177255,69.6634120478072,65.60269694273003,0.059528831543446126,0.20422032083779418,0.3771835077606205,0.8327877771264758,374.9322422279992,0.02761273917476248,374.9322422279992,348.46696987274726,19774397.789563395,0.9521081119838848,7938731936.903673,0.8605871930680599,0.1527941220286304,0.0018437258313546145,364.5793360151486
GRASIM,Cement,pullback,2018-05-10,2018-05-15,355.3279954519705,345.18509421667267,34,-344.85864200012566,106.80559695046361,-408.5832413779633,-0.8026476389262638,3,stop_trail,-0.6867243309720839,0.3535976851843586,neutral,7,0.42774680227953676,344.1411111207465,298.9049754312472,355.72884063995946,0.04870281694985201,9.697339970347082,0.027313789184237512,29.46168799214025,46.14491950525034,52.19798359405383,0.024153733896776997,0.16196675972078323,0.350345102176842,0.8262634145115798,374.9322422279992,0.05306999248391864,374.9322422279992,347.62102339636203,19504095.405032758,1.0632768781505098,6550150909.224407,-0.07159176548433063,0.13518777663458348,0.005197654468134916,355.03459095098054
GRASIM,Cement,pullback,2018-06-13,2018-06-19,369.46060223409665,357.5096147485442,25,-298.77468713881115,87.09388796081294,-352.9314605103974,-0.721306650506447,4,stop_trail,-0.7493118147471891,0.22211413078722061,neutral,11,0.011975615394020256,352.8214293309557,311.29829435552546,359.99711769310835,0.03589048671354811,11.403585768842815,0.030895444604065382,22.753379496796416,71.5960900066794,61.99740748481513,0.04319515742792679,0.15257744739822532,0.305273310609141,0.4935912546551841,377.7099122512164,0.022788426617944335,376.20182290790075,351.7321953103754,20923096.22172589,0.5041944594970791,6371751834.377321,0.798466388070582,0.13627374323241348,0.005628326950720242,369.10249763300936
CIPLA,Pharma,pullback,2018-06-26,2018-07-31,139.443367382918,135.5951591532112,62,-238.58891024182242,83.17144448528272,-290.9308207707993,-0.5787875351636165,25,time_stop,-0.9896415415232058,0.445536611891473,neutral,5,0.7961840138851268,128.76320141384508,128.6242794297583,134.2817003588625,0.011393629466041943,5.293478400657264,0.03831441653179061,39.19171177444793,82.70252780648767,64.32410235998569,0.028928677748885523,0.19067244242825399,0.29226751370387616,1.3893219898343712,153.91988482444808,0.10239719868641539,140.81934200319665,131.26654976149837,20796636.434422154,1.4393399634627797,2924469552.934806,0.7324521125740262,0.21709043720825538,0.004562541522923569,138.1589197962889
HINDALCO,Metals,pullback,2018-08-16,2018-09-03,453.6368658762859,429.16889268481935,21,-513.827437020798,88.38326786920507,-568.2399620068683,-1.129703089890658,12,stop_initial,-0.8394654645371652,0.8840496147575714,risk_on,8,0.5412776367600913,431.92023464445066,355.51822765849056,447.81994847618364,0.06600113157552823,15.449958172759462,0.03398246360615093,32.72613644505022,72.36658545732482,58.92832074344974,0.03663959780001824,0.240966713781938,0.540593836116918,1.0555913071582887,477.3058725836068,0.04747656432870351,477.3058725836068,433.40340666310397,36756451.212800935,0.7534863525134292,15318415397.62537,0.4417540207502431,0.10731827967394003,0.003935765548249703,454.6450296194232
GRASIM,Cement,pullback,2018-09-10,2018-09-18,461.537565720994,439.90470932479724,24,-519.1885535087222,99.19508673415407,-578.8837667149194,-1.1429005087307387,6,stop_initial,-0.761261924424877,0.4384183298973894,risk_on,13,0.031326513590394706,427.72667248774155,361.8445802175524,448.72167332998004,0.061524788182878876,13.70077017320358,0.029773059278439696,60.42581947352387,76.29269710363079,65.84732315240369,0.06636161257562012,0.2771201278019597,0.428360611731619,1.3520709220619458,475.38089429289846,0.0319901069973868,475.38089429289846,443.85975538240103,15357137.066537943,2.145571651874801,5852338123.725147,0.8358460980808865,0.11328706480239048,-0.006641888337216795,460.17340861995524
TCS,IT,pullback,2018-07-10,2018-09-21,108.00048658141213,119.2374750733063,78,876.485102367745,85.43691960120884,821.0880302301839,1.6379956491110956,52,stop_trail,-0.2347086366214215,4.224598092579213,risk_on,7,0.2222283399029799,103.89370681523691,98.55763337068909,107.57083413065169,0.022225887598231076,4.198114066336024,0.0384464256082036,26.202009314661897,58.684467149164995,58.52601189445389,0.0766991463910276,0.15369268722455698,0.28622538741595926,1.0400643560584033,120.69331350210655,0.09527820090868333,113.91440094905685,105.63889158698265,50855965.406033665,0.6084985062352395,4791486290.645061,0.38661112433350037,0.16404398698440503,0.001034953505935965,109.19387172991814
RECLTD,Financials,pullback,2018-08-08,2018-11-30,601.8848892143759,844.3604112687192,16,3879.6083528694926,104.12866824152061,3809.8205180625773,7.60758364780541,80,stop_trail,-0.28190910116936596,10.903154097848685,risk_on,11,0.28662340222148275,550.2322027975744,484.7415299165066,582.4703156014971,0.04980657971880431,20.38542164217094,0.03400149450192014,39.159104002244604,60.548068956565125,64.80077206206934,0.09973977694421765,0.3058513205947144,0.27607546360441515,0.6313771099597445,615.9347137606852,0.026609707461630716,615.9347137606852,581.0670196568765,17231876.174697075,0.8873448270685246,8598827749.037361,0.837586580756869,0.2364626830342289,0.010256216751175273,599.5448712120501
LTIM,IT,pullback,2018-12-10,2018-12-28,455.65058255954654,428.34012046975124,19,-518.8987797061106,82.2960334852557,-570.322943028913,-1.1202112357947582,13,stop_initial,-0.9983037090337477,0.3758438667928983,risk_on,8,0.4099747123991183,423.37492487137854,350.18414488444483,443.68824008121163,0.07145496023996034,17.49980736382934,0.03859434671991097,39.23355862975405,78.16484638376639,59.231431780964435,0.056061897280911044,0.1597066828012259,0.6992798105362077,0.9459483966361464,491.10893287564056,0.07672358802172874,491.10893287564056,430.2182298326822,16211618.98548693,0.9567364259079589,6944101450.049807,0.5566377476143761,0.08981078941390042,0.0027570335934561374,453.42929343589907
RECLTD,Financials,pullback,2019-01-03,2019-01-14,1007.462235765016,949.378080319251,9,-522.7573990118847,85.14521221442283,-575.5694108658353,-1.1230802409137328,7,stop_initial,-0.7444517145538768,0.453424539170836,risk_on,3,1.2307465805185471,914.3426636065437,716.776142599182,973.1142672730281,0.09233309039440885,35.58742886957416,0.03539164310156407,41.957482183999026,71.01976742844889,68.11892074573504,0.09834091445808557,0.3074178229909752,0.8491854200626119,1.8949433452545217,1015.7206845039957,0.010031012767225622,1015.7206845039957,954.5687939934248,11090326.057371603,0.9700963521593333,10227094696.308903,0.91093150324464,0.20614219484054908,-0.0007240112531238241,1005.531977349801
MARUTI,Auto,pullback,2019-01-09,2019-01-30,78.3587458234904,73.33286595168137,105,-527.7173865399476,79.2645593997208,-577.6423462813297,-1.1141366315605488,15,stop_initial,-0.6593897497950276,0.7071240071806858,risk_on,12,0.1650251361678296,75.09363620329282,63.82157574830817,77.95132011044242,0.05632660007192691,3.229237941888509,0.041358194485296575,38.739348752175616,47.41094460839455,52.91070823641384,0.01916528014667951,0.19907458430656955,0.5216609690194445,1.0954905312254053,82.817645054234,0.05720863017653188,82.817645054234,74.84653248091702,93358928.29826693,1.3271147503422718,7010837910.536465,0.0397743734292646,0.10053419718993406,0.006095469583641933,78.07976102623505
GAIL,Energy,pullback,2019-07-09,2019-07-12,154.36614577424484,145.54769194349967,59,-520.288776013965,85.43613531152604,-573.2474943908774,-1.1240772490429627,3,stop_initial,-0.8677951662502854,0.589090157108167,risk_on,5,1.0670259415948067,141.95781420706018,125.45456403896242,150.98255400634793,0.05348828620841295,5.639046270549194,0.03660337639746321,36.99942058090606,61.53777376702957,61.585106409605025,0.07000961817190943,0.2627142436012573,0.21085929513878954,1.789683792320027,163.67475510254826,0.05875472171090823,163.67475510254826,148.91644861996676,12463351.175776314,0.9838917995876627,1820262424.3963397,0.5454001016291572,0.1671007853422395,0.0010263558214700375,154.05809041539698
TITAN,Consumer,breakout,2019-08-07,2019-09-11,502.13412777787283,512.0822283491997,17,169.1177097125564,83.8025293817058,115.75527992448849,0.2289151343695517,24,stop_trail,-0.27230885660888776,1.9770121375851937,risk_on,7,0.2537569746218234,455.97182701753246,415.2470502753177,478.13616399604,0.0353288491270396,16.479396811704184,0.032974042660744184,34.90098632145286,79.04819928742072,69.2634926998521,0.12827378912346954,0.26037811933883637,0.35252569806167844,1.0070718522334443,512.1125164070083,0.02410357863246604,499.4056756638988,472.99032903613914,13954952.17978377,1.5831517896044252,6374034019.1330805,1.312706305349587,0.15483487832880138,-0.0002525811939083633,499.768772099122
ULTRACEMCO,Cement,pullback,2019-09-12,2019-09-16,1177.7466273977227,1101.04089421701,7,-536.9401322649892,79.34868337175814,-586.8901703983929,-1.112207895690226,2,stop_initial,-0.5168205969017746,0.05181432060900293,risk_on,2,1.6372042776541709,1081.6615767348383,878.1980721555373,1135.6938417243125,0.07360046097507555,49.197288613746004,0.0420438436873125,36.38677894789928,70.89443759706367,59.83182313638101,0.11615014173283944,0.39617274933396507,0.6482845163375333,3.3593474473696734,1248.1890534772672,0.06252782562810544,1248.1890534772672,1101.6796093639111,4268168.986673686,0.9644879432165532,4711160672.293739,0.7002146914371425,0.24572571416623368,-0.004829054930093779,1170.1425059905307
BRITANNIA,FMCG,pullback,2019-07-15,2019-10-04,2219.3960647085964,2818.398686281094,4,2396.01048628999,93.79988275538334,2333.867782485824,5.298725095656215,57,stop_trail,-0.17740395206354503,8.388144384677538,risk_on,2,1.8925714559497395,2045.9943083278924,1719.482133781501,2165.71693986351,0.06676338970737472,71.63633840868356,0.032246201368845664,38.46366097627381,69.02489872995143,63.41348198078843,0.054412489014929566,0.41102569833213565,0.4174347514779406,2.2399199062460484,2251.866577507659,0.013465761124048181,2251.866577507659,2126.4588742717133,1003222.3693971613,1.2881660348572914,2044404511.5058649,0.7793047700136997,0.30762537435340587,0.00925761287926119,2221.543480091713
ABB,CapitalGoods,pullback,2019-10-21,2019-11-14,342.6971498244462,323.852928335224,28,-527.6382016982218,88.81902309885767,-582.2399094679088,-1.1267480250250244,18,stop_initial,-0.9978523433924152,0.4765300273473589,neutral,7,0.20143640948266975,330.1813197089423,296.4958646118028,340.9626597778689,0.04048688304758419,12.02959158623226,0.035253210344095176,18.953891045194545,65.31314768031191,51.98769305447932,-0.03212338397285719,0.15809901885781685,0.41084501113771243,1.074378048183517,366.9980833152547,0.07020241343961031,366.9980833152547,330.7222293551849,13118429.659916284,1.4921097422667235,4614055363.431129,0.022550421516736655,0.13303422853549174,-0.0006880998554027462,341.23393213881263
TITAN,Consumer,pullback,2019-10-10,2019-11-18,576.5741915687503,575.2219119442649,17,-22.988753616251643,91.98489847353254,-80.02088779124243,-0.15408741751338653,27,time_stop,-0.9222946648937785,0.8057014951107054,neutral,8,0.5181588083797285,536.3678290461592,461.6963355643474,561.7618471506319,0.054244466290725546,19.904837168852396,0.03482144727290179,51.400444335211,64.23188593344992,60.141334505155356,0.08110311297014738,0.27722407248487824,0.4550417763500558,1.4570280639484174,597.7307453886373,0.04367344249513205,597.7307453886373,550.826666557291,12709832.04768582,1.0959623192855725,6570588423.581684,0.4955548652835848,0.19633448073220494,0.000502748445479595,571.6257860523342
CIPLA,Pharma,pullback,2019-11-13,2019-11-21,186.13612700527554,175.24366779395336,49,-533.7305013547866,85.4814550315106,-586.6879407313165,-1.1208874276165581,6,stop_initial,-0.9616714146933423,0.32518040413567056,risk_on,1,2.453487675783462,172.39261618835133,140.58738516124183,181.67070927559402,0.07583214840464292,6.72820926926294,0.03625810923008883,21.95814367150952,80.35951545278282,62.37751508915205,0.07644662226996446,0.3111618920905126,0.6017190601196751,3.432410269116695,193.18174333227424,0.0394316849976708,193.18174333227424,175.98537001370184,12504176.30188841,0.6278155285078463,2201432073.826646,0.578690740802066,0.22180868690921263,0.0036415762942718644,185.56426168189512
CGPOWER,CapitalGoods,pullback,2019-07-15,2019-11-29,106.73147681857361,126.50533008264053,93,1838.968353558223,99.21862199123314,1775.1456247228366,3.4962935259901746,97,stop_trail,-0.3884725532467134,5.994506480374112,risk_on,12,0.049940343806805496,100.68538612409586,92.48886768906867,104.71848489483102,0.03369406947937459,3.5543023778884435,0.03348371324199092,37.583380688936025,60.43907163208852,59.93897712537654,-0.012026166687594375,0.16067789322401427,0.07979954336907391,0.7894118376802436,111.60132390136903,0.04884474512443082,111.60132390136903,102.59239261920058,56770133.541380264,0.851135645403766,5572488900.111685,0.40280781790916276,0.07562312041854913,0.004989491500128951,106.15018567985761
UNITDSPR,FMCG,pullback,2019-12-04,2019-12-06,686.3592645506834,643.2652100050532,12,-517.1286545475627,79.36112946611385,-567.1193641843151,-1.116696527990881,2,stop_initial,-0.8197971110711028,0.10902921887469093,neutral,7,0.82399874998135,645.83355172957,561.9421821409676,673.2278331501243,0.052794436481087725,27.665709956064518,0.040655559358831424,49.47736747838719,69.39218335275588,56.53135233199295,0.013648113253960537,0.19241479421371288,0.36650105146746537,1.2136065226316592,717.3177956044109,0.05134068888856558,717.3177956044109,651.2779540433578,1747910.0663777012,0.8706110930097604,1023892702.9681358,0.2625044753039822,0.21267071859256248,-0.004657836159215889,680.4902058260532
M&M,Auto,pullback,2020-01-14,2020-01-16,200.57603744996285,188.90634498990264,40,-466.78769840240875,78.04358819627917,-516.2213795530361,-1.0082721625546813,2,stop_trail,-0.5321193400458885,1.4258220217119166,risk_on,2,1.6518055508798293,186.49500137928328,157.6171099297711,194.83679458939457,0.06161706311594006,8.372833940915466,0.04187185433623081,24.0087561128539,80.00948001173253,61.92409786380673,0.013490349006294977,0.27069748685203776,0.5087364605158795,1.1045918695201584,206.01916035135278,0.02939467288720743,203.191790668495,188.3497527361812,14874454.323372092,0.889371569071555,2610883027.8605547,0.6122777510110926,0.23358411175299643,0.009413360148813332,199.96329452432764
BRITANNIA,FMCG,pullback,2020-01-01,2020-02-20,3207.3291145366234,3498.9835286073258,3,874.9632422121072,93.79917200966844,815.4757665290483,1.6380714390196958,36,stop_trail,-0.9638725340515476,3.708678959334609,neutral,4,0.46941075221708106,3153.0651207943843,2618.0668179483414,3196.148182415431,0.05699418013196156,108.06537679066768,0.03387950022876954,23.523016677596235,72.07489470150374,48.9852532872773,-0.0445160100607358,0.11253358685810033,0.4363994340023818,0.3813243488834831,3560.8042444447087,0.10421976052631488,3451.520775384485,3090.0187280506775,805503.7001417944,0.6581755085614139,2511744946.421685,-0.059687050555793396,0.1642044782378782,0.0033208215537230412,3189.6980788075957
CGPOWER,CapitalGoods,pullback,2020-02-17,2020-02-21,152.9478472635993,144.48640884118606,63,-533.070620612034,89.0811994331082,-587.7911735583265,-1.1257470461585803,4,stop_initial,-0.9249906983206626,0.4940856499618294,risk_on,11,0.26787289205172504,144.07655720898944,125.05907579444714,150.68437358257853,0.05492734752798656,5.403019323739485,0.03503834232422713,34.33096025925122,71.8216336029557,61.59378045569775,0.06666301670585151,0.1427950970003684,0.2857857823056602,0.43305674465807115,160.1844485680262,0.0373406820217681,160.1844485680262,147.70113091324737,39956109.68614878,2.080603730343603,5361157375.291437,0.6512429839324407,0.15098969236816795,-0.000794638735005293,154.20305200921527
CIPLA,Pharma,pullback,2020-06-22,2020-06-29,260.8700355771518,244.3584138000974,31,-511.86027508868597,78.33602841214068,-561.3584255473952,-1.1165552063280262,5,stop_initial,-0.8009360763871308,0.40949999317407937,risk_on,15,0.2369220174031486,238.12536336973912,200.02417928252518,252.19637803560693,0.06490550565882569,10.603580361023509,0.040663870610025694,41.54310752090873,71.33961687543736,64.62817000278619,0.07700629866188313,0.3286118021954132,0.48107233388314596,1.1641204213334497,274.1577854123372,0.0488626548519675,274.1577854123372,250.30680919225014,11197299.544749612,0.849533775398024,2556557104.01611,0.8077771697408739,0.16457020311744586,-0.003592367486821013,260.7617081687544
DRREDDY,Pharma,pullback,2020-07-20,2020-07-20,2721.1753429148425,2550.457193798379,3,-512.15444734939,78.86974471130463,-561.9133217124108,-1.117208811805303,0,stop_initial,0.0,0.0,risk_on,13,0.31791597056670096,2561.2414403234284,2434.2460014922094,2674.2195547927076,0.027557111217846986,109.59495119833464,0.0411410077377387,52.25829978433993,55.49321626645298,51.379900061486154,-0.024322824250577302,0.3575978029279676,0.043672533600175534,2.0209495319933644,2932.2452928107373,0.09152009712686737,2932.2452928107373,2613.605285046963,539111.7507041297,1.937808641616421,1315903691.619647,-0.09428934332118787,0.2153629338644305,0.0069593343287701614,2663.885918812899
TATAMOTORS,Auto,pullback,2020-06-26,2020-07-28,627.1167439304078,600.7783788440429,13,-342.39874612274355,79.37322225845742,-392.70035348100976,-0.7740504573634183,22,stop_trail,-0.8176725250853304,1.3966249953923504,risk_on,8,0.8448917327581941,578.368712215488,470.96461894056137,613.1371242740078,0.07748164280094727,25.515919434591716,0.04095922001195612,30.663162384149164,55.981574998082216,59.33435123986879,0.05252670983284369,0.3338611079538958,0.8737814898595959,1.948640321558686,650.2104787805328,0.04191160407233607,650.2104787805328,598.4216194785755,5845880.043075485,0.7662740244139338,3078720122.9722614,0.38493578024375036,0.14731375004876002,0.00725521173577115,622.959114630199
BOSCHLTD,Auto,pullback,2020-07-09,2020-08-04,43.93551986705024,42.378252110371626,201,-313.0108190924011,84.21304481689,-365.732662089861,-0.7151128324064742,18,stop_trail_gap,-0.9477045934629847,0.7519569430450849,risk_on,6,1.0216363038574034,40.513082907795756,33.72313296671527,43.422315616506054,0.07246944746022144,1.661190576126188,0.0376390816554453,51.28440604833031,46.53371389216846,58.80658345882764,0.03599981734103541,0.32121818339132724,0.5716270224423199,2.658633679201574,47.18260007434643,0.06459740515172185,47.18260007434643,42.33483706659823,108169361.62140326,0.9930567045355617,3958459962.988901,0.42885562617834205,0.1698905073255479,0.007963096660679181,44.13472654123221
IOC,Energy,pullback,2020-07-20,2020-08-04,1134.8919599794497,1119.631128812741,9,-137.34748050037751,94.47352800470196,-195.3981155897535,-0.3859961272434493,11,stop_trail,-0.9573728651144646,0.8743526459973496,risk_on,18,0.024895599083848807,1082.7102005306315,934.0902220651392,1130.823541608867,0.05459236244589616,36.5907904444053,0.032086876135048154,23.450228766367296,65.45204603884203,56.31402324442949,0.046598712844508006,0.22584569547470856,0.2914167529451419,1.2177689547490278,1204.4319464716905,0.05319163269713778,1204.4319464716905,1119.0873114377766,3540718.653209469,1.1333681199883474,3937840719.6523275,0.2607952176354735,0.09741443136106365,-0.0010811853355500167,1140.3662447662696
BOSCHLTD,Auto,pullback,2020-08-06,2020-08-11,43.82898284476618,42.24778223287727,195,-308.33411931833746,82.24263717110755,-360.0996725239231,-0.7210988943797743,3,stop_trail_gap,-0.7741843566660433,0.46269505025589724,neutral,8,0.30138145216625234,42.16511524861115,35.50763390009917,43.424545837906095,0.05619347713911327,1.6675631743471777,0.038050596761170535,27.539534478705047,71.90507058902645,54.183407760354406,0.012693090278229624,0.21485726412645167,0.5588628763671415,1.5290599632761028,47.18260007434643,0.07116418346918452,45.848833174110275,41.5241373715422,95107192.6961821,1.0719174003787069,4061193637.2321515,0.24007667856608556,0.12153516307778967,0.006608822075744758,43.824888866102484
UNITDSPR,FMCG,pullback,2020-10-16,2020-10-29,896.8635113711883,892.0123841110586,10,-48.51127260129715,86.07840850730774,-102.60781774747545,-0.21363896551281794,9,stop_trail_gap,-0.7056741331256244,1.1948632667058214,neutral,7,0.2427992229497966,837.5298263537322,737.5803769647099,868.6365784101233,0.04383438091066938,31.302440045151968,0.03505614509327112,36.27689939309677,80.55268975546844,62.129661235313826,0.030918785632546575,0.1512728437896722,0.38400466617028384,0.7989392527667208,908.8737894914351,0.01755000345340929,908.8737894914351,853.1152226134201,1663763.1508359513,0.8007020702147706,1269625886.2819724,0.7758651690408805,0.21648768175281496,-0.006497478883289665,892.9230513471472
GRASIM,Cement,pullback,2021-03-08,2021-03-10,534.2910176995517,515.248123837651,18,-342.77208951421403,89.60274927161589,-398.08007732916326,-0.8079023115574617,2,stop_trail,-0.598568491336462,0.2233244132961844,risk_on,11,0.06698717433663567,521.2885616357335,507.4701348729425,530.3368259405898,0.011212974595773861,16.532537208004687,0.03083498606566948,19.182174793077138,70.73606471285616,56.79485247169389,0.030048796953525025,0.15983640747219074,0.13306735519420054,0.5633034158995088,572.5433761621055,0.06354404076318532,548.9115266211727,511.9879249621056,12845242.368965898,0.9525515372618067,6460675427.527851,0.3523252671198447,0.15511822397693642,0.007347528330634789,536.1616565285689
SBILIFE,Financials,pullback,2021-12-28,2021-12-30,46.16750860378104,43.865686508036795,221,-508.70268315947754,93.1270305994646,-565.446075866395,-1.1375913669788216,2,stop_initial,-0.8535011707177522,0.08131887406407949,risk_on,11,0.2740463524803578,42.83261365666222,36.35964723277367,44.71023349853941,0.05944917111425441,1.3924780434366142,0.030314453852059206,41.987642022408,77.83787406490511,63.77736654426928,0.06574461908581575,0.1666193487058596,0.46489301523302795,1.0318600006789378,46.93683799924546,0.021355908250461852,46.82044771699153,43.96047615347309,23338228.326161377,0.3756013354312457,902672914.3619549,0.8791705553977748,0.10203518756603036,0.010335178404693002,45.934459193366784
LT,Infrastructure,pullback,2022-01-03,2022-01-03,207.55905561553575,195.67516105921234,42,-499.1235713655833,82.78356389829261,-550.8208817348051,-1.1258481871706898,0,stop_initial,0.0,0.0,risk_on,13,0.07829742903658968,195.03791255592975,172.46312913932863,202.95298381437058,0.043419143368732316,7.600019941571167,0.036880444597088106,19.40592247630978,56.29978369854779,59.31823548649899,0.043227685519273695,0.1860402900473921,0.5013251012463353,0.6677145193431877,215.16951870110765,0.04228159069036541,215.16951870110765,198.12995966019972,15303211.04574146,0.9518528249021299,2950008645.8446407,0.41037068217601763,0.1316934237170273,0.007161832344383168,206.07180918234448
LICI,Financials,pullback,2022-03-11,2022-03-15,168.22728998446803,158.48938173125757,51,-496.63332091373366,81.82895163358646,-547.86772512536,-1.1251650020642296,2,stop_initial,-0.6785238495233991,0.15742460724308316,risk_on,6,0.7066299739458648,162.38407533205591,142.54617352707982,168.38423458788236,0.050075396787324866,6.230574470128297,0.03741422945651581,30.19738457048237,63.52566544559649,48.281862000415714,-0.015584251319895825,0.18917263083452784,0.1808398502662132,1.3320865845804053,186.083247191492,0.10508042056153954,186.083247191492,158.69352012666548,18320067.234761126,0.7838179224796555,2739177191.66745,-0.2976761259529679,0.11566634200704828,0.005911518608744171,166.5295413171531
ITC,FMCG,pullback,2022-05-27,2022-06-03,3878.9901861387966,3544.3115091200357,3,-1004.0360310562828,101.44944551181003,-1063.988415129195,-1.0733683884824177,5,stop_initial,-0.8558411124359938,0.5138312890905006,risk_on,18,0.2579905537512456,3606.564655146027,2854.7499980644106,3806.729547446082,0.09089644087094562,217.0920970572216,0.05625449115032145,28.878210294585266,80.67649319748017,55.36917553072927,-0.0038814947264221855,0.4434672267294111,0.504324814237926,3.702868403643891,4205.325442206897,0.08232858778250507,4205.325442206897,3551.0912093358884,1147653.0009420905,0.8636788783764907,3920564697.4326797,0.24126806386819516,0.13459885745722078,-0.00657339839536164,3859.106937384164
POWERGRID,Power,pullback,2022-05-26,2022-07-01,258.01055956427837,254.09870243050003,46,-179.94542815380368,105.88397661724565,-243.50676766671464,-0.24666778278983723,26,stop_trail,-0.8820391032385545,1.4032126427202682,risk_on,16,0.3274285687157593,244.87731934551883,202.42261527823305,265.49032540780786,0.08541102724107352,14.100869841413779,0.05370295938499139,52.31349863605255,35.6819327326382,51.292047897973916,0.05757653298463716,0.4491789876368615,0.46735392029350686,3.994044283402538,297.2126063942601,0.1165530845384839,297.2126063942601,257.16794961107564,41638379.87016691,0.6256144063776341,11172346565.614803,-0.20699184414487645,0.12206025706761059,-0.002857713621235103,262.57156035528675
GAIL,Energy,pullback,2022-06-01,2022-07-06,591.2606975629747,589.5828655740879,25,-41.94579972216843,126.70276516948965,-115.9381507636624,-0.1183166759007331,25,time_stop,-0.7003680786098611,1.3293982105547255,risk_on,9,1.1212786778988941,548.3761953661983,418.5106021178527,592.8569405854473,0.11641886607723029,25.658143911326608,0.04355259977663186,40.1250309259813,37.17113985301278,52.55240123853319,0.04709216399337146,0.4822996895014853,0.7605313255009021,4.814659244341603,645.5753958072446,0.08743421402408835,645.5753958072446,572.3796575132144,3597520.5546313366,1.4819005105674696,2082272633.3815713,-0.14525298933465294,0.16938809936291066,-0.005859774669452977,589.1300184815484
JINDALSTEL,Metals,pullback,2022-07-22,2022-08-04,1370.7098283041753,1261.7862073837682,10,-1089.2362092040707,115.6176192030163,-1155.9747583136245,-1.076249847015691,9,stop_initial,-0.9648605074648369,0.4429206237580536,risk_on,19,0.04970070526639968,1232.5327169138984,1053.0152157850623,1321.248517184093,0.06416330241602353,66.34813512904361,0.04866350739752291,27.772058382581783,56.510171819592394,61.22842104106066,0.06876576505397125,0.43585604026068103,0.5624455836154303,2.830681953766686,1429.609816737421,0.046308764315377116,1429.609816737421,1263.961381600318,4275441.72503598,0.36750175684000047,5182956136.587059,0.6354034729851914,0.24846403023633434,-0.001814578573774761,1363.4063526711782
BOSCHLTD,Auto,pullback,2022-03-04,2022-08-09,70.20504207979572,104.988589297426,115,4000.107930027483,93.66822516260316,3935.229830004093,8.079546538879107,112,stop_trail,-0.47506095309326424,11.198440505066069,risk_on,9,0.2863929103567362,63.518206677726596,56.97081554645365,67.271841894782,0.043622320624557176,2.6655233451551825,0.03825430605472714,41.42164229867927,58.756812010422486,63.10917650481106,0.09608325194441347,0.20426715567006593,0.17314446731950817,0.9646573083325398,72.95720939269675,0.04493276001650193,72.95720939269675,65.85716080203794,55391512.261240005,0.6769976599621234,3284365124.3954787,0.9030867132243732,0.14893178830788956,-0.003492164282024368,69.67904061158103
TATAMOTORS,Auto,pullback,2022-05-27,2022-08-12,543.2056432719211,553.8862844409373,25,267.0160292254053,119.36766646828275,196.07470756837733,0.19796039139270954,55,stop_trail,-0.8344815319415051,2.4220137484665893,risk_on,20,0.018008929416374716,469.63644326787164,384.1906790741841,519.5928878126922,0.09836538937063088,25.97860803898309,0.04828128983333256,46.0752563280899,71.09262690961141,65.66143850992273,0.16968969362823505,0.38135821569598893,0.7361894989607207,2.447464750730636,582.6905363406745,0.07658048373886306,582.6905363406745,510.9626112814786,6950513.455662439,1.0598450711451648,3178308342.739473,0.71115917208623,0.08577972831357816,-0.0026375042188946374,538.0678131976481
HCLTECH,IT,pullback,2022-08-17,2022-08-18,552.1112706564224,519.8659105363096,33,-1064.0968839637248,147.22306089529138,-1146.3491827736973,-1.0985770540168458,1,stop_initial,-0.9614914569871805,0.47191884544233087,risk_on,4,1.3031580004672412,498.94846489502004,396.812664506993,538.8051574779381,0.09676382100691194,20.639354722458574,0.037386912320071686,41.619615858787526,64.92796017163101,63.08001954157168,0.06611447539869575,0.45673839726788157,0.8374238891259151,3.8322974655386925,575.84457907609,0.04132537352494725,575.84457907609,528.7411072085788,2866682.4222124545,0.8367760191004534,1308611233.9843566,0.6416106246338588,0.36993960999202713,0.00014544508634073416,552.0475867534545
DLF,Realty,pullback,2022-08-08,2022-08-23,479.6411785865745,442.0224435596268,19,-714.7559655120056,84.81025542278267,-767.068906640329,-0.7373929548060544,10,stop_trail,-0.3908211739815476,0.6257519541250147,risk_on,2,1.741264015277081,405.96720338593417,338.57221884193325,451.1284290989751,0.08661025926124055,24.602828125144452,0.051921111845960585,63.398143588293195,62.39379013224951,66.00992924230707,0.12118293540261282,0.6890810427285019,0.46332953783562814,6.057903059055905,500.14495931518513,0.05257431900845433,500.14495931518513,421.78427327911925,1040743.715357998,0.6903485737177252,427446873.19219434,0.9235421821884403,0.5902270212848153,0.008626752461092124,473.85017867367816
TORNTPHARM,Pharma,pullback,2022-08-23,2022-08-30,11023.08669546592,10384.160881417209,1,-638.9258140487109,98.40983625432719,-698.0276789068889,-1.1142594719943006,5,stop_initial,-0.6433992601202748,0.7622182402311009,risk_on,13,0.14538638440212232,9901.398720297062,8045.105801372326,10598.269235554273,0.08089745290159556,408.8253333461126,0.03742510874504638,54.223380458329736,63.72107905487236,64.43234655197782,0.11558775380648467,0.26321577875502133,0.7709898948818656,1.2146375185762395,11319.304265475927,0.03493849046703057,11319.304265475927,10417.273328053652,228731.05164978304,1.2431277592438599,2310524513.00216,0.7963195995813891,0.1727553480004662,-0.0036353454201653035,10923.824861303177
NAUKRI,IT,pullback,2022-08-10,2022-09-15,1350.2284980874474,1257.2468764845585,6,-557.8897296173336,78.27924125974292,-607.2797433962205,-0.6366735838417207,25,time_stop,-0.7378340194235481,0.551025987275263,risk_on,7,0.7140889313014065,1200.4220883046073,948.2747501862987,1297.6286117437894,0.0973826182447377,67.74407467541738,0.05026536493639251,37.099687659165674,77.34629008176503,65.46113223522175,0.08820035186335917,0.3148456632776788,0.9562881222955963,2.9293133130933917,1423.3937779697567,0.05315822256601066,1423.3937779697567,1196.35678319974,1354124.405089784,0.4368320664997329,1627255518.8155246,0.73954929958998,0.285852720283043,0.009080639654539091,1347.7286947213656
RELIANCE,Energy,pullback,2022-07-04,2022-10-10,2587.2125180923913,3093.857579718823,5,2533.2253081321596,122.6167215161849,2456.7381683141584,2.6763968617877874,69,stop_trail,-0.4834093885445015,5.116214529698094,risk_on,3,1.2503520965818071,2268.237091108546,1690.7461278054086,2478.963148240809,0.12365088014898262,120.32303848461798,0.04675851948777162,45.486370555060056,63.60256353756922,65.77356549937349,0.125536498336158,0.5553168780295006,0.9840321823690739,6.612588273073782,2699.2863689408823,0.046679181332235364,2699.2863689408823,2450.5805470251744,1100492.0381721184,0.5747663784237446,2515484774.801798,0.7839125740554561,0.26405441192687884,0.0002178277014885932,2573.2858910574596
ICICIBANK,Financials,pullback,2022-10-12,2022-10-19,672.4383553136872,615.7356381805814,21,-1190.757059795222,118.16299709456581,-1258.5642939625543,-1.0709163230534233,5,stop_initial,-0.9869364964828988,0.17494927752817072,risk_on,16,0.18449234324971853,634.8363597521411,536.534020608599,659.6874196298835,0.05904411314126756,36.771325177983336,0.05450013028502722,21.830666630342126,66.99717953418212,57.00340183317385,0.1004317690669363,0.24537891144352963,0.42162060513368327,1.7241136776687254,703.5158836414136,0.04095754331217971,703.5158836414136,626.266840343599,5000868.098196241,0.9392843726100534,3235385195.527589,0.40831222872191136,0.13398201349511463,0.012493820550659729,674.701601366364
ULTRACEMCO,Cement,pullback,2022-09-19,2022-10-25,1541.476737275212,1637.378138177808,6,575.4084054155769,90.1688169582741,518.2207262296648,0.5618016954757792,26,stop_trail,-0.4645726723488175,2.1446939013577526,risk_on,1,1.6711604274571075,1398.8438441647202,1075.0206896276623,1481.9443509064477,0.10053032272813578,70.47855621764157,0.04597302025977975,29.3054181337344,81.36789077268595,62.35346633152171,0.006356165680152959,0.3531850177436844,1.1350939222336245,3.029116279648874,1565.018291015089,0.020432100451167723,1565.018291015089,1388.0919583708517,3445623.219024225,1.1081841099996173,5034124842.198149,0.7250053338339542,0.2188510666007608,-0.010895244846189533,1533.041680085154
HYUNDAI,Auto,pullback,2022-10-28,2022-10-28,2710.7542479985987,2473.715654297103,5,-1185.1929685074788,114.21859655417526,-1251.0792542552142,-1.0689943996249178,0,stop_initial,0.0,0.0,risk_on,5,1.4474157419072842,2435.781591133309,1779.4674323350205,2652.7403578755543,0.14206694224473826,153.8783747973537,0.05664330047442856,54.61497398085811,66.50016170911192,58.24120919847515,0.0448743403164551,0.44310294216005763,0.9720500082413388,3.1710248538121952,2921.1693304946307,0.07002278599907819,2921.1693304946307,2562.611346813084,1150150.3184388229,2.063177524977015,2696775344.543886,0.415136680556357,0.28688510013872315,-0.02359468677202281,2716.6209155983347
POLYCAB,CapitalGoods,pullback,2022-08-31,2022-11-03,1967.8181576356485,2188.9630255954057,6,1326.8692077585433,110.60544387141702,1258.3668201308801,1.3101467382076315,46,stop_trail,-0.694713885165326,3.3148493944218327,risk_on,2,1.7690409125048732,1902.3522293944025,1411.105112957844,1962.8327491710104,0.105980596202919,105.14738476160551,0.053782822899784234,31.76309849535097,65.92924398246589,49.04269534981343,-0.09684518287680677,0.311567434008724,1.2055708089733064,3.6473847715309455,2231.3653193357254,0.12383842424109015,2231.3653193357254,1811.8921547952998,11922906.245763624,0.7208637587686957,22349979637.81088,-0.07414539986623538,0.20044018713638545,-0.01033964226651174,1955.0365542829722
IOC,Energy,pullback,2022-06-09,2022-11-30,3525.954150427704,5213.573352961938,4,6750.476810136937,144.18334228157622,6656.587222669483,7.7300785102081555,123,stop_trail,-0.27583639718241026,10.623160462720909,risk_on,11,0.48569461837048244,3253.724865231716,2526.084967226558,3482.239999616798,0.10347209321743489,140.70395465222006,0.04012266549857621,38.82994509110502,64.1135320888605,54.97516465855874,0.004550793305107659,0.55508443580716,0.5412936968443911,3.5099479004441516,3770.757601964152,0.06998937208050715,3770.757601964152,3388.1487389274935,1188557.3543844395,1.1034800437155023,4309837079.70232,0.17486818745713045,0.25312981573823734,0.0013869941870696678,3506.844645134882
ONGC,Energy,pullback,2022-11-14,2022-11-30,760.0630141751861,700.9021596227756,19,-1124.056236495801,120.62612077740329,-1193.1855138870048,-1.0768273538828232,12,stop_initial,-0.994094141359391,0.3867939728557242,risk_on,9,0.3989050570583885,695.9070070256254,590.0917792881344,735.1988861205242,0.06835030124395858,35.704180144819404,0.04738879869008504,29.99609454117726,84.82459325429723,58.782486261384975,-0.04741894901751764,0.4350517876571258,0.3984694985317503,2.2752027919383364,811.8078523623284,0.07190994748155966,811.1265402858229,699.520616404805,2937775.4304241897,1.1090545090636168,1982126603.044879,0.5106378619915405,0.2573416492078844,0.002269742235522232,753.4307923338356
SIEMENS,CapitalGoods,pullback,2022-06-01,2022-12-02,351.74546130638095,528.3527179440986,38,6711.07575223327,139.81414134834904,6618.925503469822,6.860851140774872,131,stop_trail,-0.5236127060981868,9.49386055071921,risk_on,7,1.2492589292172225,313.3963720555063,236.969053436148,347.70648079271274,0.1308869675368216,16.644173307914745,0.04724516753433342,46.589659610678936,44.99174204170986,58.096819972752556,0.12599942855246105,0.5784663289716894,0.7292275258523082,5.053339595514284,385.3352777199864,0.08574769261659099,385.3352777199864,338.95732731478955,7063610.757636215,0.49500765340064135,2231928517.000909,0.27560311312248714,0.24525408284024675,-0.0016411899377404282,352.29366677172425
HCLTECH,IT,pullback,2022-09-01,2022-12-05,539.543941657172,614.4040798878342,26,1946.3635939972169,128.238307190144,1868.1491901564914,1.8009213411888332,67,stop_trail,-0.2663181640741722,4.637103570129932,risk_on,4,1.3732077317841485,518.250724601383,413.13739563874816,547.697754056234,0.0847084160284961,26.167079560979403,0.0485247433385379,31.641121506203557,34.74457958220928,48.5816345395534,-0.034061297133073376,0.3217345809825525,0.9282665582579535,3.24471091979511,594.357919215494,0.09271453309957278,594.357919215494,519.1742609740205,2805726.051480386,0.620328272334894,1479188657.4296112,-0.3227510274945624,0.18907182402564682,-0.001821598789613077,539.2523022413959
LT,Infrastructure,pullback,2022-10-31,2022-12-29,297.5268527222012,296.2637221178828,37,-46.735832359781,100.3325132060358,-107.81241285284646,-0.13398374331468993,43,stop_trail,-0.31243252865968196,1.5626876726683296,risk_on,17,0.14919415314014764,273.4961640266816,230.1705486412722,288.86507118074707,0.06605066305083973,10.669624934907594,0.03584356917523909,48.46503822381559,82.81295641221473,64.20566740041255,0.051694942635893026,0.2714871270861272,0.36962971796313027,1.590273175229394,307.9450298267135,0.033360127010768514,307.9450298267135,277.6691142181014,10700834.080435973,0.5080117709060267,2924349168.3525057,0.8254154567138634,0.1539634464706756,0.007153772054232732,297.67194451935944
HINDUNILVR,FMCG,pullback,2022-12-05,2023-01-02,109.77833820951183,114.3601534025242,155,710.181354916918,144.87912409955436,625.9794625318547,0.5364164438020167,20,stop_trail,-0.2338523079986535,2.4700033717197423,risk_on,8,0.7976464405502905,105.24604499559446,82.16436394412571,110.18950512579114,0.08991388708916781,4.931488873412824,0.0448978724567249,30.381298140097417,57.45471707978916,51.02240302579538,-0.010458881845008539,0.23678981880250105,0.659581398163612,3.123805358278775,120.25858362912433,0.08665214923292208,120.25858362912433,104.35986568333765,49343676.25499918,1.343793029726807,4827085511.290991,-0.07129413466449037,0.14899448339116717,0.013395959693126125,109.83791889395361
POWERGRID,Power,pullback,2022-12-20,2023-01-02,325.4682818110012,305.28718099730145,48,-968.6928390575877,129.4083091772259,-1042.391897574737,-0.8686751642569334,9,stop_trail,-0.7293318854526034,1.3689347660504272,risk_on,10,0.05192546698917181,319.8600170494965,273.05328657064746,328.92545338577725,0.05320771158205462,16.406311532584063,0.050274779593982355,22.783279299348226,57.54937281767173,48.85279462114087,0.008225023616685201,0.18769101804663424,0.18666811295143781,1.8386209659215964,362.80842690084194,0.10053677269395289,352.93289904931925,310.58400884320673,41733350.75579706,0.43485646017863083,13369948936.871532,-0.15802545420198602,0.11936349734735718,-0.001320158040938546,326.33283855406137
WIPRO,IT,pullback,2022-10-20,2023-01-03,3708.477570622681,5175.89264272983,3,4402.2452163214475,116.35970042565842,4325.558449883305,4.194184608611528,53,stop_trail,-0.49264570006193575,5.528546672613761,risk_on,8,0.932054295436956,3259.7618875110907,2402.562897552494,3560.51550614177,0.12848232281327432,226.21963074295806,0.061354557310911946,50.387437958661295,55.63295774516742,59.62512047321838,0.13243110610173203,0.4280855309345677,0.8293263539042959,2.45107823583737,3922.542502415461,0.06002607972678464,3922.542502415461,3401.2136086251962,4897309.625243807,1.0816964369678157,16166423585.522161,0.5595100074927496,0.25632599095223885,-0.01297207161337477,3687.0876534337694
SOLARINDS,Chemicals,pullback,2022-12-05,2023-01-03,4905.708855719019,5198.4175570658945,3,878.1261040406262,129.39859255177976,801.2083098457392,0.7924001814157815,21,stop_trail_gap,-0.271688337543857,2.434338638168209,risk_on,5,1.309876550402983,4605.146059603158,3487.5207266782736,4887.05189610812,0.10750116703787138,220.7725273546617,0.04481910565020742,23.573719867814386,62.354222086059636,55.03187774680836,0.015757476388964076,0.38377514380183353,0.8446745402226892,3.578804946517506,5193.7158838611585,0.05157355500133409,5193.7158838611585,4671.947176031124,730319.0386725396,0.808858344746845,3393344067.131833,0.17577185178064997,0.2855458399726847,0.00439525250682693,4925.857492063543
INDHOTEL,Consumer,pullback,2022-12-21,2023-01-03,615.8621261474342,580.7410942010005,21,-737.5416708751084,111.413806579828,-802.8364436801985,-0.6684676168643708,9,stop_trail_gap,-0.7526460016602058,0.735496146029124,risk_on,6,0.7523751029304845,595.6717185306312,494.2092137472028,619.0797102066988,0.06881623584769492,37.63520958362575,0.061296740333358406,25.737850665600835,61.44740651179097,49.02616721853031,-0.047488820055236136,0.2736721929637944,0.3675836660666376,3.0600857570700324,691.1913229427911,0.1117020059385988,691.1913229427911,576.6653620405951,3879902.6459408873,1.2557641798802381,2248035219.1374435,-0.13540098701053632,0.18086581774691401,0.013927108274477629,613.9838656827275
HINDUNILVR,FMCG,pullback,2023-01-11,2023-01-16,115.06018753241398,111.50946096851895,152,-539.7104377120439,143.913286984712,-621.2579855742074,-0.5334618855480278,3,stop_trail,-0.5041809190091191,0.5189946625548424,neutral,4,0.3584586605150863,113.17949662547103,90.44654561881772,116.49367406236027,0.07814952446895562,5.015860501767861,0.04341158561237371,22.37343656730584,64.15330490740357,48.6589601328334,0.027601392340107722,0.0809977597425331,0.4531400218119077,1.109895665752977,128.3745228733913,0.0999617669384929,128.3745228733913,109.54996146170164,39845014.18661437,0.361233686494122,4176439985.494548,-0.18973719961783297,0.1292685768755364,-0.0005027552060246077,115.54197873708114
RECLTD,Financials,pullback,2023-02-03,2023-02-15,6443.823624200956,5990.416526287002,2,-906.8141958279084,110.51757803717133,-971.3748397141221,-1.0502191505307858,8,stop_trail,-0.5505034558697633,0.8302764247199222,neutral,5,0.42868185148798826,5933.206752317281,4736.396376041397,6159.132200789454,0.07505093512335126,290.3704459974786,0.04536862737209388,32.27143547919896,79.43683625566146,61.616223380724875,0.14999742405608885,0.12941272200170562,0.8172747699793079,0.4619106676358576,6782.504297815571,0.0563592347555637,6782.504297815571,5975.384865928457,1554322.6479924542,0.6264370984532012,8126231731.408292,0.8303715078393431,0.17097301934320353,-5.423125944659102e-05,6400.247545864363
BAJAJFINSV,Financials,pullback,2023-02-09,2023-02-15,8348.183472555867,7724.997969087421,1,-623.1855034684468,79.77994460472515,-673.1960952399031,-1.0965813728234715,4,stop_initial,-0.7799568231412988,0.08591723412400587,risk_on,3,1.309333993093097,7777.187773790713,6745.972573026655,8131.176831535644,0.054342921222296336,402.5990369015958,0.048587168115351874,29.931922457920074,73.91350794722584,56.69212029606785,0.0744921647493777,0.331031499252576,0.537812881836317,1.3575564074151578,9007.64673765499,0.08010173686762978,9007.64673765499,7821.252805042271,1445234.413870244,0.7799752486313442,10507846903.430172,0.38485377047986624,0.32470085170024365,8.653603443353752e-05,8286.118588878786
TCS,IT,pullback,2023-02-07,2023-03-31,116.48479313282006,127.64191128628225,90,1004.1406338115974,100.25923443831385,941.2656905318669,0.8215512201475923,38,stop_trail,-0.42676953655118005,2.3327897292193795,risk_on,2,0.9918887317006242,105.56640433899916,93.63062800925978,111.34024261687983,0.04456074217492301,7.33750740405109,0.06327751921150838,30.472577852075798,62.37263197012002,59.83105226502171,0.1552586278517889,0.2905833060311087,0.3949480390618645,1.5670181549962099,127.96711311039208,0.09384866295705774,127.96711311039208,103.88642143170499,64815537.12829433,0.4491857549057863,6813083679.24176,0.6292774605008389,0.3149983074531917,-0.002856608984460718,115.9575706425072
TCS,IT,pullback,2023-04-03,2023-04-12,139.25767553429273,127.58969247663217,122,-1423.4939330345887,137.4013690598577,-1500.3115201561784,-1.0679952160162267,7,stop_initial,-0.9687614859953794,0.20225427711491303,risk_on,7,0.8409475667325255,126.53429055297855,105.60210259901513,133.57151331065603,0.0685751269599344,7.327128338061541,0.052533067926586643,40.17964180211549,75.89116260361331,61.89508707899333,0.0654862421817406,0.39735368908780844,0.7527016318777213,1.862162585737951,147.94844991031127,0.05726286433421324,146.18166252236955,128.7725782289303,52891615.40398085,1.160151846733273,6332645865.087326,0.8059070773074741,0.12247225278285634,0.012250231044309334,139.47649789463998
KOTAKBANK,Financials,pullback,2023-02-17,2023-04-26,514.870797111142,563.4506069740506,27,1311.654866298533,125.18384080299055,1236.0433669246263,1.0624306144490765,48,stop_trail,-0.4173100052280643,3.500644192137635,risk_on,11,0.15843009512563289,496.9749563349495,427.569657877304,504.17428261277087,0.044347034414244924,28.314792330248203,0.05513325231035093,21.13051475785908,73.992877107441,54.48831099373476,0.042291445398203065,0.11769287422704733,0.40377236250293413,0.5332115323084563,559.4134334745056,0.08194885337826197,553.9714405748165,479.5260664222276,3357250.254674078,1.3925915457235225,1512822675.6987596,0.3318357879695594,0.09946102101665888,-0.00897511738745449,513.5701440368732
MAXHEALTH,Healthcare,breakout,2023-04-13,2023-05-01,159.34907812050028,147.8933913450714,72,-824.8094478308799,100.91782316198717,-884.8144467720018,-0.6264091500901287,12,stop_trail,-0.4407149300344593,0.2935779131600216,risk_on,9,0.6361370012480705,136.0069785515321,114.38222315623375,147.5104690540848,0.07121711970194644,6.300500504246238,0.039621464809242266,43.60260581828582,97.71596237836756,77.41836389440898,0.12253348654624863,0.5662568903128748,0.47435185278370673,2.018077424006846,160.61677951943693,0.009958021230656033,157.45807014524223,140.29149034682388,9377568.590913853,1.24958198517432,1327081882.9146173,1.8263446145497286,0.2377134234074998,0.0013127814118547576,159.01735421898277
BAJAJFINSV,Financials,pullback,2023-04-28,2023-05-22,11739.44195556619,11689.064382978659,1,-50.377572587531176,105.42560236642576,-113.94070381999077,-0.1147543271736153,16,stop_trail,-0.4906429221438557,2.122336923965268,risk_on,18,0.11708621234866193,10225.113293868906,8066.538523155921,11289.68733696873,0.11053458293512453,652.5596146388687,0.05540338595992422,50.0609359613394,60.994547935481535,64.86915350327592,0.10636028356513294,0.4516895148874589,0.9546680180238352,1.9945872130418054,12207.008577509594,0.03511704214882028,12207.008577509594,10916.77354229678,1101449.0135702775,1.7433763404615492,11643452169.751627,0.7488161921939814,0.14379714022929324,-0.007367721321716703,11778.334542782179
WIPRO,IT,pullback,2023-01-20,2023-05-25,5456.807457975873,9075.188569160928,2,7236.762222370109,124.57097424287554,7151.108846690734,6.448148313346768,88,stop_trail,-0.42906397372277466,9.220827300839353,risk_on,1,2.7466844813659534,4898.549879902774,3552.743970675449,5201.923362672581,0.1268571516242074,363.32642095292744,0.06706539113253182,27.239545824494652,77.96321833990145,60.25641795046481,0.021579839734896522,0.4285559029690118,1.1027385173143718,3.5697864395827548,5799.196933131996,0.06581979198607124,5609.0497522570795,4893.996587674035,3012506.9357953332,1.7466825260410703,15710988253.977242,0.5933277135998173,0.44696610565078276,-0.017501065427377505,5417.494997306986
ABB,CapitalGoods,pullback,2023-02-03,2023-05-25,532.7007629032754,678.0924745492966,23,3344.0093678584885,120.61143884616396,3267.0885847584136,2.9246703240088223,79,stop_trail,-0.6958264773787614,4.261694330722241,neutral,6,0.14710557937748037,495.00569043523916,437.3094575221263,509.42037832371113,0.037417659740927256,19.037816210790975,0.03612421458283923,22.725141702602336,73.63206270960018,64.74592763793785,0.08622276288907638,0.15457504621026885,0.2985650903216004,0.3504713862189465,544.7834646782646,0.03262513484624485,535.2937930876765,481.48707698466734,8503601.2424781,1.0839061236216696,4264979540.500819,0.9239217441048019,0.19706127050082545,0.0028916923424180396,527.0098306811318
ADANIGREEN,Power,breakout,2023-05-04,2023-05-26,2184.3858753323975,2021.6925741224823,4,-650.773204839661,82.40523440144396,-702.0206411114624,-0.5824860186587644,16,stop_trail,-0.4923298218599207,0.582414852141177,risk_on,7,0.677943819381904,1929.8115119863871,1501.29930785019,2079.9415276026825,0.09533595085346569,96.25273409639577,0.042999218472898997,36.01856211874162,98.2235369648655,75.58810366648144,0.08481658561991812,0.6008728259107476,1.0281908799302668,3.174579183748673,2265.0893531552,0.011749201876087745,2222.3472705229483,1949.538530559811,408148.8350567542,1.235207383291339,791589776.4222598,1.6470683660388252,0.2439065127679363,-0.005649832278848299,2238.4763610776026
DRREDDY,Pharma,pullback,2023-05-30,2023-05-31,7030.38503588321,6494.926580626064,2,-1070.9169105142919,118.15058227199523,-1138.9272405086595,-1.079234398627791,1,stop_initial,-0.9211438844503201,0.26284633631602344,risk_on,8,0.572296657744506,6279.942860450237,4898.7305921238985,6798.551021278762,0.09932114389670765,346.15255267123223,0.049496797254944915,43.08743452118748,47.095181745844684,61.13113688045733,0.14419216401970858,0.5211259638862442,0.7511723828515098,3.5719753973478765,7381.923436878158,0.052627216956079415,7381.923436878158,6547.306601399158,268694.5757221621,0.7537806570209803,1482459718.263699,0.5629954996135377,0.23130461989424211,-0.0004845968764127795,6993.433350612404
INDHOTEL,Consumer,pullback,2023-05-30,2023-06-06,978.8901375375281,904.1320464128562,19,-1420.4037313687654,148.65382821287477,-1502.7344374655502,-1.0735621348074766,5,stop_initial,-0.9531294044394731,0.30429731142531724,risk_on,2,1.358710006857935,893.3901894151386,690.0586563029236,966.6032810653664,0.10412193566875172,48.332379267913716,0.049231484182612834,37.483295676304174,53.94629376965589,57.19220957807423,0.10281951773248266,0.6424504924096013,0.5536174436089321,5.589164891017471,1091.1303701701245,0.10025673972586369,1091.1303701701245,929.896215981271,2225030.689973865,0.9225951981544879,2068773204.8848922,0.3131216754659852,0.3295130891623874,0.0027757622063502296,981.737196640993
HYUNDAI,Auto,pullback,2023-01-25,2023-06-08,3303.1292568628387,6069.624188477126,3,8299.484794842861,121.18991961120491,8213.631432205291,7.8880757249780995,95,stop_trail,-0.42316505268002147,11.204166591711505,neutral,4,0.6339608701940916,3212.7621927147666,2450.5301594967327,3283.4128823865476,0.08706142720799015,228.75441469706885,0.06911658524733022,32.419611890076716,69.18242349276656,51.06025725031616,-0.09824148058941318,0.21831101497974892,0.7581482101832817,1.160514049579087,3768.559020414683,0.12176267717478073,3764.6086299070575,3005.409262931372,724766.8120361953,0.7944881790195261,2443291870.7323008,0.11486686561250013,0.24076260396465687,0.0021111462437424233,3309.689184997822
INDHOTEL,Consumer,pullback,2023-06-09,2023-06-23,924.2114389517029,849.934622165002,17,-1262.7058853739156,129.02558868794662,-1335.7044352868477,-1.0064655193824266,10,stop_trail,-0.8723499945807864,1.084146334917944,risk_on,4,0.8965282850548973,902.9579020843366,708.4685384092136,944.2682345098673,0.09425982995850557,51.30559114812329,0.055500626302991025,26.438861147207064,55.161420210860925,46.64307755112833,-0.07602422163181566,0.319885273967222,0.4944923009570428,4.2269031183610215,1091.1303701701245,0.15279176601936273,1091.1303701701245,875.0250073782478,2741892.4988610516,1.4613380580983444,2701406641.0487833,-0.386967582111629,0.15267193915682942,0.014170965003210911,924.4146339544702
DRREDDY,Pharma,pullback,2023-06-05,2023-07-13,6552.224503795089,6523.352354760688,2,-57.74429806880107,114.93473900826879,-125.94899484992082,-0.11866629830321716,28,time_stop,-0.7022321946533396,1.3756090823552956,risk_on,10,0.33428597068395244,6325.809272412429,4965.0992249164465,6729.046754378317,0.09686856922594012,348.55491260092174,0.052707607066916976,33.160208139475706,38.909555139436755,48.922214436664746,0.05570704448169672,0.3594274087244762,0.6889341255028374,3.2275651035690847,7381.923436878158,0.10416428667447131,7381.923436878158,6410.306681524847,261807.66598556415,0.6688807036766544,1482459718.263699,-0.3329636232125421,0.14729395173437831,-0.00828709059466426,6612.990647790183
HINDUNILVR,FMCG,breakout,2023-02-20,2023-07-24,135.81748009875366,210.7019677095748,59,4418.1847690384475,94.67604298585937,4352.083650340888,3.774615148247817,110,stop_trail,-0.08055602533910004,5.168611736453396,risk_on,5,0.6210024657830522,120.60110157053622,98.15772120744532,126.29954073545073,0.06830867962523901,5.536963839926372,0.04042957004640646,22.082730138027237,91.45351304145514,73.92206566669728,0.1748128514808991,0.22705787541639078,0.7949691902572871,0.4096131948598733,139.49771349623163,0.018239679589798663,134.3473522663582,116.1977705399683,48263251.06858136,1.628934207683048,5550844580.405615,1.9241193316591654,0.20300017978242235,-0.009289473228824785,136.95331989855083
CHOLAFIN,Financials,breakout,2023-07-14,2023-07-24,4013.0212905572507,3669.350596637873,2,-687.3413878387555,77.31051072752342,-736.0312897550931,-0.570845223869156,6,stop_trail,-0.43609740347767745,0.36412699074009536,risk_on,6,0.5209122414996052,3339.810623447423,2657.726479354444,3621.3253841870905,0.08777486792860723,182.82161637730255,0.04579625193128357,67.80435726371391,84.64985467019585,77.51640894679167,0.202014147665595,0.40428308601238827,0.841922694356811,1.5135717475847283,4058.464597457422,0.016360757653376634,3969.851955057751,3258.702795646939,761670.3321791341,2.2434251240899834,2203183155.937339,2.0278764890766463,0.229109456472804,0.0011445643100098657,3992.0650417336124
NAUKRI,IT,pullback,2023-06-27,2023-07-25,2472.491290020756,2336.220475212404,5,-681.3540740417602,107.6200310574583,-744.8899843849456,-0.5800611988916504,20,stop_trail,-0.7021041000415306,1.3055215658588397,risk_on,5,0.43577659454870477,2149.6259000242626,1707.1496006959046,2321.415879746319,0.09435194184280338,167.78260184398928,0.06829515229346482,44.00513768490957,75.18293678782246,62.56415140344978,0.20098780665359972,0.43068125121875767,0.5848406024792219,2.4114241701029853,2560.6292973355,0.04057653303519648,2560.6292973355,2213.929402860573,952984.0082975056,0.9467247308791601,2180611651.619522,0.8064719275290109,0.24529754862335884,-0.0014033602173185722,2456.727838061274
ZYDUSLIFE,Pharma,pullback,2023-06-07,2023-07-31,2689.006458453701,2701.0578985697016,6,72.30864069600466,136.54049546593842,-6.698393295969808,-0.004948647950706692,38,stop_trail,-0.30461923504667837,2.107761911386996,risk_on,3,1.4291967044290916,2345.22257697541,1839.5284410831716,2535.559777354299,0.09646117644338892,140.08562284956773,0.0526512490591798,39.82641556198998,70.35585974948854,67.81566214368999,0.10537779868191799,0.449026502355516,0.710151316858969,4.5463563283952055,2806.4503415590643,0.051958115589422205,2744.177871097953,2450.5112190405594,1909897.7489455547,1.271770899612877,4221271577.7446322,0.8928303306069921,0.24183732466545038,0.0032025655629535077,2660.632470316365
ADANIENT,Infrastructure,pullback,2023-05-30,2023-08-01,9706.785043620383,10257.785870269567,1,551.0008266491841,93.28389012625681,492.3310187110067,0.6462758842851124,45,stop_trail_gap,-0.6738635444086958,2.3372509021579644,risk_on,5,0.6824271987857214,8955.274806512178,7148.749671344105,9522.515688567706,0.085797646674598,500.1085345163334,0.050969270707794334,36.29932814619479,67.6814508347629,60.74791895380086,0.07261583968794394,0.4534167406584113,0.6750245433870208,4.288998850978265,10165.752462899305,0.03480221616978807,10165.752462899305,9280.704673907167,468802.14628257405,1.4814592893251053,3916881312.612033,0.5787664868969923,0.17649608901039482,-0.012063185860808567,9811.961748156928
WIPRO,IT,pullback,2023-06-07,2023-08-01,9103.584304165926,9849.932053527644,1,746.3477493617174,89.7385056615353,689.072331519111,0.8848556941469709,39,stop_trail_gap,-0.8566603045131573,2.6733547040902685,risk_on,16,0.1270126945914858,8982.190333308821,6585.899483962594,9198.020242482435,0.11166822478807736,511.8857170616939,0.05644538003673119,24.818584117176243,69.93073862296032,46.3307029981518,-0.09475194441069479,0.18165824132161146,0.7728537004099407,2.4822079063924636,10569.836538615575,0.14202162983283884,10569.836538615575,8598.688603869443,1578771.368601808,0.88809363080918,14618103535.42853,-0.2526523242142901,0.012698737177189834,0.008591542993875212,9068.6911263347
HINDUNILVR,FMCG,pullback,2023-07-28,2023-08-01,214.0258980721996,203.131962358298,40,-435.75742855606336,81.90746773811972,-487.1365184926462,-0.9070168772909198,2,stop_trail_gap,-0.9856190367692997,0.5000772324510516,neutral,7,0.3110946249909593,207.83531896199528,163.18858910292946,215.65283688243505,0.08649826934232241,8.780242385361472,0.040938427519214594,28.06438022877706,54.86241247747048,50.110468584225195,0.02168035061316842,0.15287133608777959,0.8469742126516808,1.1362821516436037,236.82331283962156,0.0943698008498074,236.82331283962156,205.5552827205401,20287337.564575806,0.7380679721270705,3795639286.9810114,-0.13422099987182584,0.08362560029762278,0.004232965700391889,214.47434397035485
CHOLAFIN,Financials,pullback,2023-07-27,2023-08-07,3837.368287751196,3882.542319193196,4,180.69612576799955,131.4310098460883,104.00084178840693,0.07811714653421545,7,stop_trail,-0.31118510236109514,1.0865861657302942,neutral,3,0.7673239261604761,3513.358398479706,2766.5956285401508,3784.346496225302,0.09697443204737954,218.82455273782742,0.05752184275614106,53.89218505619605,44.91592637487197,54.91986524678117,0.11800957438769921,0.34304398107609857,0.7242224276396563,1.9040152616883794,4247.768685667719,0.1044240963958959,4247.768685667719,3553.6181181942165,657273.3347094124,0.875598958927308,2164632581.89554,0.090724658153735,0.28355203975781884,-0.008956916973261286,3804.1992789680853
SIEMENS,CapitalGoods,pullback,2023-09-14,2023-09-18,1223.4513634958942,1152.4909547531825,19,-1348.2477661115224,175.28797728502107,-1444.4725495131881,-1.09269195470897,2,stop_initial,-0.8627681135572759,0.16168358179639866,risk_on,3,1.5098559743264228,1154.326891375659,904.8021363735696,1199.3837597932757,0.08243490992794289,45.406250692209476,0.03730809895477616,30.413285837194586,57.284002068246494,57.487248996216394,0.04778781986995617,0.1668391056557761,0.7551104309715491,1.0122757959734836,1265.3224428496674,0.038141224831642506,1265.3224428496674,1159.0309534024118,1903763.888039513,0.8828118884933385,2117422896.7437623,0.3893238267781578,0.14431347137622574,-0.008972753774170505,1217.061495072415
SIEMENS,CapitalGoods,pullback,2023-09-20,2023-10-04,1207.8068586076188,1152.0514315883252,19,-1059.3531133665788,174.56006241037952,-1155.5592002848844,-0.8579628673290256,9,stop_trail,-0.4686276275939714,1.178489195971673,risk_on,4,1.2388702381721215,1160.6412456660228,916.2563509786755,1198.686483357219,0.07930504495409552,46.29329453178074,0.038285256924743626,24.960813632969224,61.369480143102194,54.489253029591055,0.03651016622213099,0.14469755102603266,0.6572189496617955,0.8389067952582427,1265.3224428496674,0.04437982039537525,1265.3224428496674,1153.3338886584534,1853051.8497235805,1.0782519117424498,2117422896.7437623,0.2264080973832458,0.12151987254618835,0.004341830668339375,1209.1676600937617
WIPRO,IT,pullback,2023-09-21,2023-10-18,10978.977639814746,10327.278360425558,1,-651.6992793891877,98.05807210767922,-710.606671569592,-0.6164469950510246,18,stop_trail,-0.49786977144621725,1.0614070316649864,risk_on,9,0.0818078987356803,10381.256769830869,8502.289168331894,10714.937064254336,0.06513663578065865,643.057995959719,0.05785823161413563,23.996679602760338,78.5997893742065,59.045694445737674,0.10450187223219132,0.11854265817649434,0.35296835436439133,0.38215585186761386,11953.677440455076,0.07021303267923862,11953.677440455076,10024.911255279925,1456801.0525015844,1.4644415361492298,14207290827.60254,0.6211514885851929,0.12949255470128107,-0.008423565800349309,11114.373495691327
TATAMOTORS,Auto,pullback,2023-10-06,2023-10-23,871.1309514086538,819.4230150314064,24,-1240.9904730539374,164.31934840074604,-1331.82605341183,-0.9952604985742975,11,stop_trail,-0.9565047265393996,1.1349931843840744,risk_on,13,0.021575461750929753,799.6576377110392,709.9502768141915,830.4747444619316,0.04191388728142309,36.47527229992549,0.04231493812707239,40.5522796311002,76.56310682358742,63.960769658056165,0.15166630668623116,0.055419838243094155,0.38883316251672273,0.07812079157557407,892.4920371459023,0.03417046372332466,892.4920371459023,831.0995017934815,4049464.183299189,1.152906496556137,3270756680.3735476,0.8641587551735671,0.10226326858947643,0.0007562869248132209,861.9951703672521
VEDL,Metals,pullback,2023-09-20,2023-10-31,1694.7807250665674,1655.758070427747,10,-390.22654638820313,140.6431808875083,-470.4343935945731,-0.3823814868009787,28,time_stop,-0.5009415729415055,0.9849565249525711,risk_on,10,0.1016549726073319,1593.1426894123351,1533.3046566042399,1657.530404385894,0.0183913952157011,80.6641355223276,0.04747880196806163,40.95625521043524,53.1816584366456,60.72442647348066,0.11038224070547153,0.1290940047790372,0.07987384719337753,0.45097148806379667,2079.522938419145,0.18300948094866865,1820.2919189621766,1618.8683758458742,3406234.9056553193,0.5226962637683267,5674581859.65701,0.5134886797472452,0.10623226475624126,0.0008923606843984633,1698.9505248382068
HINDALCO,Metals,pullback,2023-10-19,2023-10-31,514.4062979815028,489.0227438846985,53,-1345.3283671306274,193.8768271103186,-1450.5552825160246,-1.103764460833513,8,stop_initial,-0.7930747325027722,0.712509550718025,risk_on,9,0.25208902941248645,484.8968567068817,435.9428509210299,505.1336722218574,0.04138733317423404,16.1196493766716,0.03131960975689998,40.11811766086663,74.47203962693527,61.76581035007988,0.05223192831360568,0.15191236400652186,0.20499666022058038,0.4611631659394765,534.0278306008358,0.03622566202355837,534.0278306008358,496.14115332532566,34970081.13469477,0.8195852032597308,16362633174.074198,0.5923606930481566,0.15368079735047924,-0.002616260998289488,514.6823188983159
LT,Infrastructure,breakout,2023-09-06,2023-11-15,541.6581837640493,542.6742570639806,15,15.241099498968538,80.40284380582781,-36.188710280040105,-0.028173807326159876,49,stop_trail,-0.10182093449150917,0.892821170334483,neutral,5,0.6012458685262506,490.7633945760851,412.7946458803134,499.23623560097917,0.04420527510530747,24.320522183254088,0.04512626091736661,30.31042725165897,97.17764448227365,70.16577243405452,0.12227352094246924,0.20342717576085434,0.6639353103136258,0.3326695248226615,565.4418809565901,0.04686246470812472,538.3609983919688,456.24225965742465,5114964.492090082,1.4701145312216666,2423006967.7966747,1.6326806170357568,0.18156616674649362,-0.0024553352673896134,538.9438807657663
MARUTI,Auto,breakout,2023-09-11,2023-11-17,143.00792883891452,149.06146725719748,76,460.06891978950455,101.08808895018495,397.73791690747424,0.30126854975727724,48,stop_trail,-0.18442140934860377,1.523592341571743,risk_on,9,0.12180997622177007,133.2717849972299,119.27358171258315,135.9685847278908,0.03156295623811367,6.980318133907616,0.048629247686964416,21.146601496397093,84.9007288914229,62.62744208879715,0.054161574821100844,0.2209864353812987,0.27884779490667055,0.2789855517473506,147.28996982828173,0.025449177655051503,143.4178668031675,126.97665692436995,58696146.902390584,1.3814003416784275,7362452936.357759,1.0849042043853705,0.17005282753763828,0.010724324493286419,143.54156121931462
BAJAJ-AUTO,Auto,breakout,2023-11-09,2023-12-07,1031.8378837003222,950.973500407848,11,-889.5082162172168,99.83807603387922,-948.8717857427669,-0.7367445075498388,20,stop_trail,-0.5692380512528447,0.2560489240376662,risk_on,8,0.3734386421385132,915.9303281533635,785.4959776451666,969.6728691732748,0.05962535366856092,45.143048581968266,0.04344647964403194,32.609559481210326,93.04030717483909,75.95085331021369,0.16930062358868359,0.31602726343536314,0.5149604897169402,0.35950722029302473,1066.4987919427317,0.025737640342963553,1015.9224971414404,927.8414530646089,1882079.1789647944,1.6325733264615185,1633167182.050973,1.5368204544329631,0.2246857990747133,0.015790095672123527,1039.0496296095046
HINDALCO,Metals,pullback,2023-11-08,2023-12-15,505.94295370349835,497.5506016913326,52,-436.40230463261946,191.49738688240302,-541.5271864627406,-0.409396442670431,27,stop_trail,-0.4468346600338734,1.4669097760176226,risk_on,7,0.321428488084277,493.5625080557546,445.068894986778,504.1286836200358,0.03317204210654601,16.554002774937615,0.03272183948827601,27.615607412317413,76.22507166970901,52.50251419450167,-0.031186194881732243,0.19479082240745926,0.21509304611241964,0.6445601528117141,534.0278306008358,0.05266971138908216,532.0737003091231,484.9562760121767,31361365.72518496,1.4618259706514327,13581054107.120293,0.10704693562086419,0.10912427916892953,0.001341675657443142,505.90073888935217
HINDUNILVR,FMCG,pullback,2023-12-11,2023-12-22,245.0135829106091,230.6849625262999,95,-1361.2189365093743,175.4009855655943,-1457.4834444572693,-1.0918384718577028,9,stop_initial,-0.9389201891615185,0.6906461244953037,risk_on,8,0.33737190569459147,229.25233089249272,196.97561449581744,238.99975658508916,0.05312362305970875,9.1718679606798,0.0375584409837547,36.22164162480997,64.7699553118947,60.76606063722356,0.05748675101262757,0.19500398031468036,0.25062246636560204,0.9735594683238054,254.17349231546177,0.03922878937522989,254.17349231546177,232.97406733184954,22995445.9753493,1.4221926082364977,5203033816.684601,0.5672582027856755,0.17393507598547697,-0.006837339006834808,244.2025739206519
PNB,Financials,pullback,2023-12-07,2024-01-01,528.93351286754,526.4133239414939,35,-88.2066124116136,152.60603917904882,-174.79705732898526,-0.13237056004995496,16,stop_trail,-0.13460269744256276,1.868034048853642,risk_on,3,1.2604206967374172,469.12736513434476,394.6195133056756,506.99398201319286,0.07247804659612811,24.72999065053001,0.04651460097076942,49.60597792296964,69.3230397046644,65.36147032892444,0.1995890962716942,0.4238689073783375,0.20365561064883075,2.188961896662077,554.9499275414857,0.04196615157859307,554.9499275414857,501.61879233489304,7424706.379456544,0.62218075184665,3468446431.154314,0.997446100936112,0.4013119859802785,-0.010626719995423306,531.6608147637505
VBL,FMCG,pullback,2023-12-06,2024-01-02,5518.121596522043,5047.356153645583,2,-941.5308857529199,97.46717129945111,-999.6431700104724,-1.0624362834345087,18,stop_trail,-0.8418432661061183,0.8328821240284789,risk_on,6,0.3675351615893194,5167.014384318861,4645.17273613152,5373.283162286277,0.036911256730486786,290.6800120703609,0.05294452283304241,34.54277741915689,59.69892046928878,59.01185104641396,0.05404224420817827,0.23384278232075784,0.1846365221242019,1.460748089939214,5888.943367068628,0.06769770520723684,5888.943367068628,5051.69919292522,921769.9371768388,0.9703677226347499,4435362574.950472,0.4024778033520494,0.19070119791058748,-0.008992488807738175,5490.275415022703
ADANIPORTS,Infrastructure,pullback,2023-12-13,2024-01-22,452.1663314032048,431.2467327612015,21,-439.31157148207006,88.42232661671619,-493.8732766635401,-0.630540207325619,27,stop_trail,-0.7751205597105564,1.3650745613540016,risk_on,6,0.4093949210328068,422.69217251251655,394.0501374763617,449.4816248621188,0.038111107592936566,24.50391374686419,0.05378844465931688,29.906907626976345,60.69036372639526,56.79453813760259,0.06034830669816915,0.35946019330901335,0.17019683717319167,1.3300572303578682,501.91352107731217,0.09235175276599106,501.91352107731217,428.95705236361994,18592565.547871713,1.0167512410258945,6491460346.818929,0.24809517653200885,0.33284082456062136,0.004985322499051481,455.5609276688722
CHOLAFIN,Financials,pullback,2023-09-07,2024-01-23,4309.787946099574,6754.998684933295,3,7335.632216501165,138.67593458145635,7243.061976083875,5.985959710682205,96,stop_trail_gap,-0.4072450693786199,8.005363457844245,risk_on,1,3.0335015621427845,3914.37251096979,3094.680347161931,4123.589426444041,0.08308388757198348,239.92734587007834,0.05582463084516164,39.04302007038766,71.45758312322029,59.281869847063156,0.07413751444656769,0.3214163181848082,0.6848790255457038,2.335792353616972,4452.491180041881,0.03472552525535222,4452.491180041881,3919.301983855196,693992.0192721809,1.1487231704705023,2924098783.595807,0.7264143153171037,0.30175494935301583,0.007237543411768632,4297.876085120104
COALINDIA,Energy,pullback,2024-01-19,2024-01-23,1823.199407714368,1759.1802390274154,6,-384.11501212171515,98.69503767701498,-443.8012283236769,-0.7068715357848809,2,stop_trail,-0.5848546934289575,0.3881823076363885,neutral,6,0.4000248296305181,1710.2252445991776,1593.9101792733245,1801.2591595262625,0.03170656573504571,68.30303197848407,0.03737963106332192,32.57207232790216,49.184463934561336,58.17480104689622,0.0828832117132059,0.22896984945409238,0.18106065972439134,0.9268567094650227,1937.0868410546498,0.05668686660065392,1937.0868410546498,1766.0138355100062,3010696.2595618307,0.6773306149924622,5207441735.712438,0.38095377938473857,0.2327205104201655,0.009430164910953609,1827.2794577019026
DIVISLAB,Pharma,pullback,2024-01-25,2024-02-12,234.27545358966782,228.12884520602054,53,-325.77024433330564,109.21389402700629,-390.70694691697133,-0.6175345754403385,11,stop_trail,-0.5569021129959952,0.4519432436271677,neutral,6,0.4906566634861991,222.8069134742078,199.38135821230776,231.59254451665862,0.04161817605850526,7.771148609084638,0.033341634935749175,35.39209570199605,64.26070642130857,56.310680056782175,0.03357104315286086,0.26411484730179,0.1667184858223656,0.9743319220721829,248.0477487609284,0.06035667646283771,248.0477487609284,223.9434754184909,3350122.247823983,1.024955184448662,744552203.5272862,0.19094558598924555,0.2662527567231978,-0.0016592012413703117,233.0764110416298
TRENT,Consumer,pullback,2024-03-19,2024-03-22,2748.3636656173453,2547.974430201804,3,-601.1677062466242,79.13513818308361,-650.9011160375856,-1.0995248865186882,3,stop_initial,-0.7327166523591847,0.34003377948385455,risk_on,13,0.06899367310002417,2602.175676047975,2507.8006198690464,2691.8276085652337,0.0198485715415877,129.3559394062584,0.04715642770658036,19.452991494148836,69.66634086251955,56.61587229757156,0.059330981599166055,0.20148235123321756,0.07982619612432762,0.6124317632708878,3619.9437035471788,0.24221909126636343,2943.888693225995,2602.154058471666,922225.7697565912,0.8118044204569466,2365853437.525353,0.39655404234860614,0.1801992019822818,0.00825987413524798,2743.124229238587
HCLTECH,IT,pullback,2024-03-21,2024-03-25,925.4233948850189,863.9017443402315,10,-615.2165054478735,86.13578476625966,-668.3519906243372,-1.1050113289230812,2,stop_initial,-0.9832260861451455,0.37105938739236327,risk_on,11,0.11430302885087977,900.3220693285849,808.4600943118566,918.4331977201459,0.03454823254148387,38.57848127367803,0.04140041849397607,18.305918016005336,80.92256961127904,56.73558749465292,0.004559389096797872,0.08518924278741768,0.3515082526841471,0.5582915215286026,971.3284555570805,0.040656176704698344,971.3284555570805,876.8476465855147,1701470.783954441,0.41423860081724573,1421240734.128017,0.3474671906965452,0.06853041880890443,0.0007844262373397637,931.8379542296501
IOC,Energy,pullback,2024-03-26,2024-04-15,11233.266295382644,10723.08859575167,1,-510.17769963097453,100.31807217109073,-570.4383067359653,-0.929969425452457,14,stop_trail,-0.7008569287873523,0.9382439185152154,risk_on,9,0.19285424515570004,10202.207308703018,9017.674098904447,10868.157948534827,0.05086256810524259,399.9539508064216,0.03554325322219748,52.954543574625305,56.56345080885239,69.25975575649429,0.13233811983691024,0.2508257384486492,0.35645263900129764,0.4343400154924181,11677.879982637349,0.03641771303137531,11677.879982637349,10834.762231555096,377508.58749181323,0.8153300672595178,4018413623.141319,0.9612115377404113,0.22915951449490457,-0.007868534515393155,11252.59830061482
DIVISLAB,Pharma,pullback,2024-03-12,2024-04-16,247.10812131553584,243.43210486536668,43,-158.06870735727378,97.27778603662756,-217.45577122057773,-0.3429908745505873,25,time_stop,-0.6652688661026608,1.228341912185516,risk_on,9,0.3500933561792708,233.39151454455128,209.48692944248674,239.3306150176966,0.03230769848015069,8.939553391897565,0.03633847605223415,23.90460651134658,71.02339420074087,62.996661567544166,0.054481938525045015,0.10342676957008945,0.3317022041362532,0.6165355380992894,254.14746243357274,0.03202679689466381,250.4413393541712,232.72356946341017,3221609.0998737444,0.5258041278442896,672844896.3131086,0.7469409222695561,0.07520841468981931,0.0030155809212333295,246.0079332729185
COALINDIA,Energy,pullback,2024-03-18,2024-05-09,2043.1997005833578,2201.2011172636876,4,632.0056667213194,82.8462225324243,578.3033809485273,1.0012744683482502,38,stop_trail,-0.2850355685757714,2.9262018181489746,risk_on,3,0.8936302414908291,1888.9913779883027,1697.1629851260493,1973.9517075251797,0.039266485655233385,94.62861431343347,0.046389315613782955,28.788735394889212,66.38065935734139,60.38918098108098,0.15050788590576802,0.18737116856677405,0.3938744885953893,1.0204558724043395,2124.7930631595004,0.039963211746520955,2103.6539332752777,1910.5225332524105,3116020.7282205326,0.5283545392374658,5737485502.757311,0.6967004749257922,0.17605276370985723,0.001521701674010556,2039.8795080589184
PNB,Financials,pullback,2024-03-19,2024-05-13,658.778159733193,653.9887973870004,15,-71.84043519288821,92.3760465739574,-128.9787569245134,-0.2043072458661831,39,stop_trail,-0.9691686172088622,2.1380144901076874,risk_on,6,0.6311064375233264,596.5701560646847,493.06998006766736,626.5225835779439,0.06766766437207994,27.531298296329584,0.0423857242181865,39.192099534795226,70.82797394436747,65.93067391765797,0.1500878329526003,0.1459207326689127,0.6380268756933276,0.6322292100764352,677.118941524306,0.04072722037569443,677.118941524306,618.5261606628785,6528933.411452113,0.8520301945672882,3650932863.99106,0.8361097012781866,0.12562180613195517,0.004878756471346168,649.5417691722887
INDHOTEL,Consumer,pullback,2024-04-18,2024-05-23,1144.7753215259154,1117.2777454528207,7,-192.48303251166294,78.9142403373521,-242.82164989900463,-0.4079854550918471,25,stop_trail,-0.6576331612736451,2.0452609125986165,risk_on,8,0.047429772516322855,1046.2201745831267,926.3382540796625,1115.972280030384,0.05372290710099237,55.76835552046996,0.04840426345801921,45.38141911097979,72.5931643404466,61.71212980604644,0.12883008940182705,0.29224973071710636,0.20977932329207571,0.6799806100783483,1189.2784312099,0.031230004052221094,1189.2784312099,1092.035998121868,2586957.7000485705,1.199577034435329,2450564423.4208603,0.6484856979571026,0.2683368924841121,-0.005365062389416364,1152.1372609839957
NTPC,Power,pullback,2024-06-10,2024-06-26,1643.6900537997888,1543.0411426217888,6,-603.8934670679996,90.42061034688292,-659.1460033151989,-1.1119755645566947,12,stop_initial,-0.9645685695401474,0.8299261411636137,neutral,12,0.21048233333938443,1533.6977579203356,1418.422983932368,1595.2616130623362,0.03039291171465508,64.09012054081408,0.03930734043024551,29.483587714791266,74.3589197451982,58.938906162636776,0.03633172324993428,0.19667685434003257,0.15349035331772054,0.7536229560129191,1699.135980278996,0.040402093326352806,1699.135980278996,1541.3692026727083,769257.6365848149,1.1324374131602795,999201524.6794109,0.5496278750924051,0.10946441037577603,0.009018846164101868,1630.4873298296
RECLTD,Financials,pullback,2024-06-28,2024-07-23,9622.210821723895,9439.00268673176,1,-183.20813499213546,90.18300615206687,-239.07864790185045,-0.4571347948275345,17,stop_trail,-0.4409059582411222,1.5260302410903885,risk_on,14,0.0701418163675217,9155.4985403208,8588.585783116963,9479.079261257693,0.027762720007318498,340.97396823882593,0.03577006733719897,32.24256845705792,60.32594701734278,54.10399137810735,0.02042554217333481,0.17868045281364187,0.19602273434368667,0.6514877763454835,10201.693712860533,0.06560784029116218,10201.693712860533,9272.696295411877,1029007.0221002729,1.412170298188835,10021372274.74361,0.15632677199802325,0.11354693487350564,0.004318831954289948,9532.382621047826
RELIANCE,Energy,pullback,2024-05-22,2024-09-03,4465.915812586091,6590.491477846134,2,4249.151330520086,100.5143969670354,4180.487556861846,6.683029400659624,73,stop_trail,-0.8961542896194423,9.749795716989436,neutral,11,0.04288265873310888,4181.051894087054,3930.543461637606,4338.346427205737,0.026493758683410196,204.9441518965322,0.04627079084557134,22.760981663620765,69.40134034807967,58.01298468966113,0.06518146928774482,0.2330291438876262,0.06685201945562813,1.0830660295644938,4793.196875181858,0.07593325711948584,4597.052579877721,4196.976762567712,623085.9035393524,0.5636650423713553,2244651118.8852997,0.44347397272650835,0.13787463510153763,-0.005850165919244366,4429.233824434357
POLYCAB,CapitalGoods,pullback,2024-07-12,2024-09-09,3324.934071126522,3472.4130260538072,4,589.9158197091401,118.51303592195845,518.8292141410976,0.4485085678656708,40,stop_trail,-0.3434644600557194,2.2500713561412993,risk_on,6,0.9397543807677808,3178.5043861370514,2712.686092987696,3274.8574018327968,0.0551424245758676,166.23341658331861,0.050340278279652914,37.218093467867746,74.6887926494854,52.215985827527454,-0.05897999258827025,0.36534860465063823,0.6527782876869188,1.6332642494038327,3588.633118157064,0.0798181597047235,3588.633118157064,3032.1439494128067,9572006.836177852,0.9783384357768651,29908942072.90715,0.16445324616091825,0.21966908397561902,-0.0021379134730620253,3302.1950268103437
JSWSTEEL,Metals,breakout,2024-07-25,2024-09-24,7425.427984175683,8478.162917246455,2,2105.4698661415423,134.52876917524702,2023.8987700518562,1.542337644848616,42,stop_trail,-0.5163918893284719,3.5877705097265746,risk_on,3,1.4143719605854952,6365.932966729831,5644.595360716037,6897.909030817658,0.05576986999920486,323.31439647306746,0.04371813740954852,43.381314947672585,94.42997987984893,73.00686564889412,0.18958057594008393,0.4549980199584245,0.4774778472059382,2.7960371324116573,7559.89686164096,0.02175525881631224,7389.127550072314,6782.125770242856,105305.09566260948,1.3261461940469266,691518038.3965117,1.5388127574922896,0.3238344115090632,-0.008252844284979521,7395.429348791335
ICICIPRULI,Financials,breakout,2024-09-10,2024-11-11,1345.6463817410247,1440.9016897437978,6,571.5318480166384,81.94853023426907,518.3745071891785,0.35275521034527957,43,stop_trail,-0.09804243612835448,1.4298139309626412,risk_on,1,2.0685178239617272,1032.1272334688656,817.243850569221,1170.706515630783,0.10491470533100733,73.3538223616238,0.05467234612764921,64.82012742047279,95.423400748126,82.75077618218612,0.3346259019628033,0.867329213348826,0.9685090184500245,4.855420063227314,1421.7540264294469,0.056307352439211145,1303.5839139824254,1103.9142232620104,897338.8061671236,2.16632497145711,785407580.8529861,2.3310619712176144,0.7009039317513326,-0.015877659888767326,1341.6988213814166
SBIN,Financials,pullback,2024-09-04,2024-11-12,723.827263322273,803.3249396858193,42,3338.902407268947,218.87312970086865,3216.1644741243254,2.146944853349278,48,stop_trail,-0.09268523926166973,4.257780969235396,risk_on,10,0.5190706425181466,663.14617882778,593.8666665993385,707.3160938281621,0.04888315995950654,23.199713753516658,0.032035821276482294,66.32188733087757,68.41826801554299,66.44402021926985,0.08489176899164419,0.3488346148908146,0.4287871240936856,2.248829021828612,752.4105963656536,0.03751967346490548,752.4105963656536,707.6697783426746,3459238.460001409,0.4491483741335825,2612069277.1672897,0.7269185658707148,0.18980847454228078,0.007835639663113847,724.1803964784796
BEL,Defence,breakout,2024-11-15,2024-11-28,243.6939515344461,222.89101676395217,57,-1185.7672819181535,116.5690071349406,-1252.8030173810664,-0.7268339610546963,9,stop_trail,-0.6521980781665541,0.15881729825919585,risk_on,9,0.7230544048649178,215.20740128308336,176.07109033784212,228.906399196199,0.07599142086904398,8.727927951167063,0.03562473288841536,30.774175502121487,97.89247978175106,76.49220087008013,0.12371956837547526,0.4043335807735775,0.6075114925961846,2.744803429415818,247.97229707303768,0.012001305602517331,244.12669671309297,216.12966739713735,13326346.811598022,1.5388459735641982,2695276866.8079786,1.8434967209548805,0.23748252117621904,0.010730074888410268,244.99630575490593
LTIM,IT,pullback,2024-11-14,2024-12-12,1784.307660049317,1862.304978627713,14,1091.9624600975417,188.77404869761736,986.3906182600016,0.576367441801202,20,stop_trail,-0.4634667866359139,2.9669375282001695,risk_on,8,0.7528558171174916,1700.9103915051785,1289.2406125180573,1802.9598611378822,0.10672789826689066,80.06912101316563,0.04468317192930431,28.643739658029716,49.27243603312241,51.01396037469768,0.0034630658278940185,0.24772466386071534,0.9543423826848756,2.890263012328721,1941.2075490556867,0.07689926978461425,1941.2075490556867,1722.786255127556,4127395.034451959,1.3491411314710928,7887784124.452726,-0.13775291854577543,0.09786857685260442,-0.00794017527591695,1791.9301060329237
LODHA,Realty,pullback,2024-05-31,2024-12-13,401.1833712428555,649.7544975503636,24,5965.707031380193,111.24844743411671,5888.79315084283,9.315820754704422,138,stop_trail,-0.48908594353202084,11.99632237635289,neutral,11,0.001699182955149453,384.4506399409316,350.6197087494689,393.2904763830232,0.0320824032724385,16.058789465822883,0.040187121928384716,30.318381889874725,69.65836234037806,55.30167826251398,0.023315327287957155,0.10562429200172607,0.25296957830164635,0.5951040417613541,419.3497112288416,0.04709511877162598,419.3497112288416,375.620657441289,1499144.9653860615,0.6912785926777566,518307124.7332083,0.39292565620080844,0.058202093742012684,-0.0011541301202990795,399.6003867716723
TATASTEEL,Metals,pullback,2024-09-25,2024-12-13,1965.7896990306592,2213.7150657075367,9,2231.3283000918973,154.80467615122942,2139.6131075450307,1.5064190405663078,56,stop_trail,-0.9407790415240972,3.75826646634184,risk_on,10,0.370736559586423,1889.5733430639953,1720.289055546283,1961.4226130054544,0.03806808188013777,103.63892956181859,0.05341351347382627,26.22841558507574,65.13109694828943,48.13799751317701,-0.0307240879368893,0.5448129920107652,0.23454461465463594,3.066856134065387,2254.6006499346754,0.13939840906476397,2183.8825869263947,1840.3528466863731,2070622.7584849359,1.0280042436213634,3897218257.0694504,-0.20368510980677573,0.31348244852963103,0.008027088954160932,1940.3129062573987
HAVELLS,CapitalGoods,pullback,2024-03-21,2024-12-16,5614.43016404905,11026.547786596106,2,10824.23524509411,136.61527649415297,10727.66172212892,20.820660544064708,190,stop_trail,-0.7494785843865525,25.92066663617491,risk_on,8,0.3538848231773815,5302.466800436524,4992.445518733485,5506.768398344632,0.027757926430378888,167.26089950220177,0.029863841579446448,33.912723571207074,72.03628438670299,60.271914913920604,0.03917312337751033,0.21734352665867607,0.08557051340383959,0.7949874047492259,6147.715868448208,0.08896519791687019,5798.600108264027,5405.505389980421,392821.63861669356,1.806352212207237,2022621527.3635082,0.562084213406733,0.1986559920495976,-0.006471550709221341,5600.78310947503
TATACONSUM,FMCG,pullback,2024-07-17,2024-12-16,2410.1474932548344,3903.124506925668,7,10450.839095695834,168.53106732746886,10342.469585598092,7.8020027289817655,106,stop_trail,-0.38679433136025676,11.719467398559289,risk_on,1,2.1516447668925744,2173.824086482508,1757.7306729965226,2341.227862190631,0.08968591064657438,124.32345711870782,0.05160826638175502,19.012349078895173,76.6306447470794,61.158734005386,0.07374993546194197,0.3816696404081381,0.5978885713175701,3.3018368321511526,2514.1281951143164,0.041821571921731526,2514.1281951143164,2287.394345934922,1119240.5437331763,1.0995812773669105,2300398012.2844853,0.5449940128882014,0.2809346356698208,-0.004507851282189335,2408.98340198189
WIPRO,IT,pullback,2024-12-05,2024-12-16,17711.79160013375,16218.713309256194,1,-1493.0782908775564,142.2089883965629,-1572.127602059661,-1.0668673010865104,7,stop_initial,-0.8511332327771406,0.47446228269117574,risk_on,3,1.2658494322000586,15831.539723837448,12704.93064048092,16862.410422559376,0.08467754106727865,968.2425175934164,0.05527894648393693,23.76868718248662,75.47754997440897,60.43656237108291,0.0866571628862689,0.4631485263399526,0.6566257596207716,3.5183368400668544,18629.769012797486,0.05980719845912297,18435.2505350209,16172.190891125561,980525.7845075041,0.7587231568473805,17182282540.00342,0.6745874982494686,0.22488247546703777,0.009220944314060286,17515.574720201486
